UUID,Lighthouse status,Lighthouse updated at(EST),CMP status,CMP updated at(CST),Packet ID,Notes
b528202e-04cd-4a6c-aeb4-79a1183d6276, vbms, 03/03/26 21:49 , , , 69568666, Error: pdf uploader: missing s3 bucket name
fe03773b-ff44-4d08-af07-4e8a69170781, vbms, 03/03/26 21:49 , , , 69568693, Error: pdf uploader: missing s3 bucket name
9ca43bf0-9dad-4233-8855-7353af379861, vbms, 03/03/26 21:52 , , , 69568815, Error: pdf uploader: missing s3 bucket name
86001212-9d76-499b-849e-e00c3b7259f6, vbms, 03/03/26 22:15 , , , 69569324, Error: pdf uploader: missing s3 bucket name
3de9e772-114d-4b55-97f4-367588630cdd, vbms, 03/03/26 22:17 , , , 69569599, Error: pdf uploader: missing s3 bucket name
249f6aed-07e9-400e-a50f-215dc5ab91f0, vbms, 03/03/26 22:22 , , , 69569647, Error: pdf uploader: missing s3 bucket name
40e443fd-7072-43e1-845d-6690e9246864, vbms, 03/03/26 22:23 , , , 69569654, Error: pdf uploader: missing s3 bucket name
12782f1d-239d-4411-99f1-59d60fdcf604, vbms, 03/03/26 22:23 , , , 69569653, Error: pdf uploader: missing s3 bucket name
fa6ebc4f-cf3f-4b51-8945-43e2d22ddc1b, vbms, 03/03/26 22:30 , , , 69569750, Error: pdf uploader: missing s3 bucket name
2d66a7f0-123d-4d78-952f-bf5fe895181d, vbms, 03/03/26 22:34 , , , 69569793, Error: pdf uploader: missing s3 bucket name
a4f995ef-334c-467e-9f11-03cc174e33ba, vbms, 03/03/26 22:52 , , , 69570158, Error: pdf uploader: missing s3 bucket name
8797e75a-9632-4e41-a096-77171b554e1a, vbms, 03/03/26 22:54 , , , 69570188, Error: pdf uploader: missing s3 bucket name
46413721-66d6-4eb3-9b09-ee6c4cee2103, vbms, 03/03/26 22:55 , , , 69570214, Error: pdf uploader: missing s3 bucket name
3b4a40d7-5b1b-4e3b-9626-de4741c06d70, vbms, 03/03/26 23:19 , , , 69570674, Error: pdf uploader: missing s3 bucket name
70eaf8a6-100a-4019-86e4-88e263b8bf63, vbms, 03/03/26 23:27 , , , 69570704, Error: pdf uploader: missing s3 bucket name
14a09492-40d7-4432-ab6f-b38862258d26, vbms, 03/03/26 23:28 , , , 69570702, Error: pdf uploader: missing s3 bucket name
baf2ede6-1fe0-497b-8cf3-ab6f925fc58a, vbms, 03/03/26 23:29 , , , 69570716, Error: pdf uploader: missing s3 bucket name
7bd6ebf2-7a22-4433-b53b-86aa5a4b83dd, vbms, 03/03/26 23:32 , , , 69570821, Error: pdf uploader: missing s3 bucket name
b85e2ee3-4baf-43c9-804b-d3a6ec98483b, vbms, 03/03/26 23:36 , , , 69570854, Error: pdf uploader: missing s3 bucket name
c9301026-69f7-46fd-bbcd-5c78969e64dd, vbms, 03/03/26 23:36 , , , 69570856, Error: pdf uploader: missing s3 bucket name
843010e1-bc6b-4b47-b5d2-71cdca9b818c, vbms, 03/03/26 23:41 , , , 69571291, Error: pdf uploader: missing s3 bucket name
d9685193-67fd-488c-8213-480823149387, vbms, 03/04/26 00:02 , , , 69571312, Error: pdf uploader: missing s3 bucket name
3ebfcf2b-0b64-486c-8244-fb2a44448d69, vbms, 03/04/26 00:05 , , , 69571450, Error: pdf uploader: missing s3 bucket name
ca72464a-d8fd-4d0e-8fde-d9f5248d9085, vbms, 03/04/26 00:12 , , , 69571492, Error: pdf uploader: missing s3 bucket name
5de24546-e3da-40be-8aa5-980b233294e2, vbms, 03/04/26 00:25 , , , 69571788, Error: pdf uploader: missing s3 bucket name
6461740d-4b58-4851-a94b-c63d0f21e22c, vbms, 03/04/26 00:27 , , , 69572095, Error: pdf uploader: missing s3 bucket name
96dd056e-4ad8-4416-bf01-5a53e932d6e5, vbms, 03/04/26 00:38 , , , 69571969, Error: pdf uploader: missing s3 bucket name
20a76fd0-9576-4631-b5eb-5d9e9d85a015, vbms, 03/04/26 00:47 , , , 69571794, Error: pdf uploader: missing s3 bucket name
9d2a3a19-28c0-4ed0-8f0a-eab2160c99f3, vbms, 03/04/26 00:48 , , , 69572053, Error: pdf uploader: missing s3 bucket name
6bd13b0d-6d5c-4e61-9cc3-4365f3109e77, vbms, 03/04/26 01:05 , , , 69572284, Error: pdf uploader: missing s3 bucket name
fa7a93eb-323e-41fd-aaa3-8c310fa13c94, vbms, 03/04/26 01:28 , , , 69572567, Error: pdf uploader: missing s3 bucket name
980ca8b5-5609-4bf0-9640-1888a3cc1227, vbms, 03/04/26 01:37 , , , 69572684, Error: pdf uploader: missing s3 bucket name
d9cab38b-8903-40a9-9be5-3a68da66c927, vbms, 03/04/26 01:38 , , , 69572712, Error: pdf uploader: missing s3 bucket name
9e510f00-79f4-40f8-a81b-f7d5c9c709c3, vbms, 03/04/26 01:39 , , , 69572702, Error: pdf uploader: missing s3 bucket name
cdb95f5d-85f7-4abc-911a-ec8f3c003386, vbms, 03/04/26 01:40 , , , 69572704, Error: pdf uploader: missing s3 bucket name
1e5e6e87-fc0e-4911-a7f0-65d03b0332fa, vbms, 03/04/26 03:01 , , , 69573697, Error: pdf uploader: missing s3 bucket name
58bbf29d-5541-4aa1-8150-c863e0aac23c, vbms, 03/04/26 03:03 , , , 69573664, Error: pdf uploader: missing s3 bucket name
3b15f5d0-c3f6-42cf-801a-98837fef07aa, vbms, 03/04/26 03:14 , , , 69573758, Error: pdf uploader: missing s3 bucket name
bcdab715-04c2-4221-a463-c40bff13fab0, vbms, 03/04/26 04:22 , , , 69574113, Error: pdf uploader: missing s3 bucket name
ed79c433-27da-413e-9bb2-da3ad0510f7c, vbms, 03/04/26 04:54 , , , 69574496, Error: pdf uploader: missing s3 bucket name
49cd8b07-afff-4e26-b1ae-5f0d8396b265, vbms, 03/04/26 05:00 , , , 69574197, Error: pdf uploader: missing s3 bucket name
43398e21-c55b-4b79-aaff-76fbc671ad8d, vbms, 03/04/26 05:01 , , , 69574215, Error: pdf uploader: missing s3 bucket name
0a5b9c99-c6eb-4667-974f-cdc4d29f3103, vbms, 03/04/26 05:23 , , , 69574331, Error: pdf uploader: missing s3 bucket name
174b6154-0b17-4f1d-815a-7a64ec8cf0b4, vbms, 03/04/26 07:39 , , , 69574727, Error: pdf uploader: missing s3 bucket name
50672fd9-b259-4459-9eb9-9374fd635840, vbms, 03/04/26 07:52 , , , 69574737, Error: pdf uploader: missing s3 bucket name
e7806218-1af7-4eb2-9463-612770debb36, vbms, 03/04/26 07:56 , , , 69574751, Error: pdf uploader: missing s3 bucket name
50943b2c-117a-4f1e-9aed-997af7806933, vbms, 03/04/26 08:00 , , , 69574752, Error: pdf uploader: missing s3 bucket name
d9a017b9-f2b7-4234-8ad4-6fc9c370245a, vbms, 03/04/26 09:10 , , , 69574838, Error: pdf uploader: missing s3 bucket name
b37b043e-d090-460e-af82-6ce1be627745, vbms, 03/04/26 09:13 , , , 69575000, Error: pdf uploader: missing s3 bucket name
a3fa2fd2-662d-4623-8116-28625d190540, vbms, 03/04/26 13:08 , , , 69575874, Error: pdf uploader: missing s3 bucket name
20d9ae80-8882-47d8-b5db-460ce2dbba94, vbms, 03/04/26 13:19 , , , 69576024, Error: pdf uploader: missing s3 bucket name
b117bc38-7e43-49c5-ab9e-f6ae5bce00c8, vbms, 03/04/26 13:50 , , , 69576721, Error: pdf uploader: missing s3 bucket name
fc39291a-b61f-4a10-9727-8750e6d6d3c3, vbms, 03/04/26 15:10 , , , 69580552, Error: pdf uploader: missing s3 bucket name
7a9c2ab8-1f38-4473-9e1b-2d7be89ea198, vbms, 2026/03/05 10:42, ,03/05/2026 11:53 AM,69623116
b149b640-28c9-4e8b-9e9d-21ecda186d16, vbms, 2026/03/05 11:25, ,03/05/2026 01:41 PM,69631768
310a7535-3a63-4380-9c6c-9860f9defeba, vbms, 2026/03/05 11:40, ,03/05/2026 02:03 PM,69634264
e0e0130f-0e1e-40f1-92e1-e9257ca24c26, vbms, 2026/03/05 12:10, ,03/05/2026 03:01 PM,69637441
4bb19d8c-a305-43bf-85ea-009d74c66c4c, vbms, 2026/03/05 12:33, ,03/05/2026 03:48 PM,69639226
e14a0907-9f29-4c75-a9d2-6cbadb412fe8, vbms, 2026/03/05 12:53, ,03/05/2026 04:45 PM,69641644
db5bb329-8c50-4e25-bcc0-94c284dd1ebe, vbms, 2026/03/05 13:20, ,03/05/2026 05:55 PM,69643841
12bcca62-5e7c-4aba-8a65-3fdbc08834b6, vbms, 2026/03/05 13:25, ,03/05/26 05:45 PM,69644245
69388f20-cc96-4211-bf4d-60057fce15b7, vbms, 2026/03/05 13:47, ,03/05/26,69645512
07075355-553e-45a3-adb6-f06628cd7cfa, vbms, 2026/03/05 13:57, ,03/05/26	69645855
7eac2dd4-2be6-402c-8960-2070a3c094c4, vbms, 2026/03/05 14:07, ,03/05/26,69646140
2a86072c-18ed-4609-889a-46e7c37e14fc, vbms, 2026/03/05 14:17, ,03/05/26,69646522
6f259dbf-8043-4d60-898f-40be4bb7bc53, vbms, 2026/03/05 14:33, ,03/05/26,69647170
04f6611b-223d-4a82-9214-ee5df2d7b1ca, vbms, 2026/03/05 14:45, ,03/05/26,69647701
c3e4e14c-d2ea-41f3-8bcf-3475a8216d66, vbms, 2026/03/05 14:54, ,03/05/26,69647577
be9beccc-b125-48f9-9652-7cebd3427be3, vbms, 2026/03/05 15:01, ,03/05/26,69648008
3a5e52cb-b574-41ef-9716-7adc0cf77da5, vbms, 2026/03/05 15:42, ,03/06/26 08:11 AM,69649391
d0fffade-448a-4953-abf3-15ddbdc49300, vbms, 2026/03/05 15:44, ,03/06/26 08:20 AM,69649435
82ad1fac-662c-4c0f-aead-4a4b35a712fb, vbms, 2026/03/05 16:11, ,03/06/26 08:32 AM,69650001
700e7c64-fa55-4bca-8d4e-eadb0f4195e1, vbms, 2026/03/05 16:15, ,03/06/26 08:32 AM,69650059
6c8aaff4-1fef-496d-a54f-d0d1f9987844, vbms, 2026/03/05 17:16, ,,69653158
7b324bfc-f2aa-4974-93a9-c568dcf96236, vbms, 2026/03/05 17:33,,,69653345
ae211625-06f3-4201-bcae-d251e182779d, vbms, 2026/03/05 17:55,,,69653565
9c2d067c-42e7-46f5-985b-589be8581374, vbms, 2026/03/05 18:06,,,69653649
3a7dba73-5bbc-4e59-bfde-f9d02fada0a4, vbms, 2026/03/05 19:04,,,69654045
83f630f3-4cad-48c1-8959-2853fcab42b6, vbms, 2026/03/05 19:49,,,69654198
1c3465c0-c5bd-47fb-a64b-64bcdbabc3b4, vbms, 2026/03/05 20:24,,,69654579
258d4afb-38c4-4638-a38e-f29640fa4a98, vbms, 2026/03/05 20:43,,,69654728
b6a4a5fc-c823-4c8a-b544-aa4625f0e9e3, vbms, 2026/03/05 21:24,,,69654792
f46d0175-32f8-4190-b85f-2c474044a7cb, vbms, 2026/03/05 22:12,,,69654846
a75a951f-6982-4781-8e82-cc4725bf7438, vbms, 2026/03/05 22:43,,,69655068
646393da-4e5d-4511-b16e-59335d3b5ed3, vbms, 2026/03/05 22:46,,,69655079
f46d0175-32f8-4190-b85f-2c474044a7cb,vbms,03/05/2026 22:12,,,
a75a951f-6982-4781-8e82-cc4725bf7438,vbms,03/05/2026 22:43,,,
646393da-4e5d-4511-b16e-59335d3b5ed3,vbms,03/05/2026 22:46,,,
6aae0499-af66-4fd0-b5ca-b4e0f18e0d0a,vbms,3/6/2026 22:09,Complete,3/7/2026 9:32,69691745
b6255505-148f-411c-998c-d417e84acad7,vbms,3/6/2026 20:47,Complete,3/7/2026 9:01,69691203
cc6c9239-3df1-4135-961d-efa49dd93a04,vbms,3/6/2026 17:47,Complete,3/6/2026 21:10,69689567
4d3f546f-d823-4b75-bc6b-95d71a9f46b0,vbms,3/6/2026 16:09,Complete,3/6/2026 19:02,69685650
c0620d5c-10ba-42d0-865c-6b639dce8451,vbms,3/6/2026 15:56,Complete,3/6/2026 18:52,69685480
53e0124f-e461-46a3-b717-cb528bd4f59a,vbms,3/6/2026 15:16,Complete,3/6/2026 18:41,69684731
00c3beae-e49f-4c86-b9a4-67845e1e43c9,vbms,3/6/2026 15:15,Complete,3/6/2026 18:41,69684645
2c5124af-9e8a-4f73-bcb4-88766e4a1d16,vbms,3/6/2026 15:07,Complete,3/6/2026 18:28,69684347
fb0fa6ab-830b-4cc2-b310-b6bf0e2de4fe,vbms,3/6/2026 15:01,Complete,3/6/2026 18:31,69684172
0c5a0a88-f2bd-4d92-a5d1-e6414b558f4f,vbms,3/6/2026 14:58,Complete,3/6/2026 18:11,69683064
59402fee-9dbd-4c47-9a29-a8595df45c96,vbms,3/6/2026 14:49,Complete,3/6/2026 18:40,69684021
41671dec-2009-42e5-a27b-bf61e7db0f0f,vbms,3/6/2026 14:39,Complete,3/6/2026 18:32,69683890
c9834b73-ed56-4872-bbc9-b7652128310a,vbms,3/6/2026 14:14,Complete,3/6/2026 18:12,69683431
327b1c5d-7e30-4e50-bacb-c0d06a1669cd,vbms,3/6/2026 13:47,Complete,3/6/2026 18:00,69682974
7488eb30-884b-48bf-a6b3-6827d2eaf466,vbms,3/6/2026 13:25,Complete,3/6/2026 17:36,69681765
276f3794-9e8b-4c23-8ded-55526a9cbf01,vbms,3/6/2026 13:05,Complete,3/6/2026 17:18,69680616
e2bbeaa3-6488-42ec-b07d-1ea70e259941,vbms,3/6/2026 12:41,Complete,3/6/2026 17:16,69679490
a590b587-8327-46ee-b2d5-b53275170b1a,vbms,3/6/2026 11:37,Complete,3/6/2026 13:42,69671830
0eda3441-69dc-4c92-b72c-a1b432e76419,vbms,3/6/2026 11:10,Complete,3/6/2026 12:56,69666689
ca3ac461-5267-4792-92d7-c2f6b39eb447,vbms,3/6/2026 9:34,Complete,3/6/2026 12:01, 69661070
29403ffb-81d0-40bc-b9c8-08dff742803f,vbms,3/6/2026 9:12,Complete,3/6/2026 12:22, 69659947
c47376b4-e116-49e4-81f1-a53198deb59b,vbms,3/6/2026 8:44,Complete,3/6/2026 10:51, 69658724
2f3b3811-5a49-42a5-9566-1197636d87ad,vbms,3/6/2026 7:55,Complete,3/6/2026 11:49, 69657471
1135093c-ceca-43ad-a699-d2dee77899ff,vbms,3/6/2026 0:02,Complete,3/6/2026 10:49, 69655730
91834a72-5d71-46ee-89fb-4820d3841a2a,Success,3/7/2026 19:36,In Process,3/9/2026 7:55,69702309
e5d32bb3-f639-488b-be3e-caa6614c3924,Success,3/7/2026 19:19,In Process,3/9/2026 7:46,69702155
8e67e9ee-1a5c-4694-9585-52ba92a5dde8,Success,3/7/2026 17:01,In Process,3/9/2026 7:20,69700704
d4e6cf2d-0ce7-4bdd-b86e-bb4bc6686fe0,Success,3/7/2026 16:53,In Process,3/9/2026 7:00,69700609
6f16ba1c-82cc-453e-98fc-921a27071878,Success,3/7/2026 15:52,In Process,3/9/2026 6:40,69700097
e4cffa78-b987-4ce4-b6d0-8e903bbb1d2d,vbms,3/7/2026 15:19,Complete,3/7/2026 14:40,69699025
e3986c44-29f8-475d-949d-8e8422a97c71,vbms,3/7/2026 14:55,Complete,3/7/2026 14:20,69698181
43763f62-6eb7-46bf-9825-5faf7663584c,Success,3/7/2026 14:10,In Process,3/7/2026 13:40,69697229
f0064682-9c90-4344-9d19-a12e9550b978,vbms,3/7/2026 12:41,Complete,3/7/2026 12:05,69695792
86f0da48-f453-4571-b45f-bb8569b96da5,vbms,3/7/2026 12:39,Complete,3/7/2026 12:45,69695788
9ab6bce5-b667-40fd-9cee-b6d3ffed1046,vbms,3/7/2026 12:03,Complete,3/7/2026 11:46,69695189
63e83417-4c84-4d6d-9ddc-79f990d08771,vbms,3/7/2026 10:25,Complete,3/7/2026 11:35,69694593
6267e96d-7e98-4955-8127-38344e917f52,vbms,3/7/2026 3:00,Complete,3/7/2026 10:10,69692692
bae3eda0-1046-4f59-af22-bbd614bb7c50,vbms,3/7/2026 2:27,Complete,3/7/2026 10:02,69692636
86b8e883-293d-497c-ac78-1cca2cfa22e0,vbms,3/7/2026 0:18,Complete,3/7/2026 10:00,69692441
15c6cd6f-9d9f-4720-a191-d5a35312bf3b,Success,03/08/2026 23:45,Still in Conversion Process,,
07059637-d350-4066-af7b-5eae4b800fdb,Success,03/08/2026 23:29,Still in Conversion Process,,
d8ec928d-86f1-4114-951d-b7e8d4db58a6,Success,03/08/2026 22:46,InProcess,3/9/2026 9:00,69705488
8f16a86d-8db6-4df7-aca4-01874764dabe,Success,03/08/2026 21:13,Still in Conversion Process,,	
c971e051-090e-49ec-abb9-40d95d85ef74,Success,03/08/2026 20:21,Still in Conversion Process,,69706256
04a75cac-4f65-40aa-992c-e9621fb6752a,Success,03/08/2026 18:51,InProcess,3/9/2026 9:10,69705908
ea0338b9-e82c-47ca-9f54-d9d693306867,Success,03/08/2026 17:56,InProcess,3/9/2026 9:00,69705558
bf78c683-7b48-46b6-bdb0-0ab2eb176edb,Success,03/08/2026 17:18,Still in Conversion Process,,69705348
e5551ac3-f3f4-4a9c-993f-1ec775d27a73,Success,03/08/2026 16:50,InProcess,3/9/2026 8:57,69705234
b82aa9a8-10a0-4466-b384-62c370617bb7,Success,03/08/2026 16:49,InProcess,3/9/2026 8:50,69704359
d36bdd68-cc7b-455a-8639-3f6dec37db7e,Success,03/08/2026 05:25,InProcess,3/9/2026 8:18,69703229
15d80f7d-f6df-40e4-9834-98db67f08090,Success,03/08/2026 04:44,InProcess,3/9/2026 8:18,69703228
cac87fb6-010d-476f-8e22-2a887594afdf,Success,03/08/2026 01:47,InProcess,3/9/2026 8:21,69703120
94c553f7-4b81-427a-9c4b-42fd30a8faf5,vbms,03/09/2026 23:07, Complete,03/10/2026 10:13,69758520
0847159a-3df4-49c6-ac43-8d8de78297e0,vbms,03/09/2026 22:40, Complete,03/10/2026 10:12,69758366
36cce963-4c1d-44c0-8a87-7612caaffe02,vbms,03/09/2026 22:36, Complete,03/10/2026 9:25,69758347
5aea7903-433f-4aeb-9f80-462e23ca758a,vbms,03/09/2026 22:34, Complete,03/10/2026 9:22,69758343
2235fedd-571a-4d0c-8189-9df009feb2d6,vbms,03/09/2026 21:46, Complete,03/10/2026 9:37,69757787
b7fb3774-f013-4f41-8812-1b88195c1640,vbms,03/09/2026 21:41, Complete,03/10/2026 9:29,69757727
0a5d8c75-6e66-4a77-a875-a0e255758641,vbms,03/09/2026 20:45, Complete,03/10/2026 8:54,69756862
2c7ff984-026b-4e13-a967-c63e7bec7844,vbms,03/09/2026 20:38, Complete,03/10/2026 8:42,69756746
4d7c2789-3109-47d9-ba64-35756100f1ff,vbms,03/09/2026 20:16, Complete,03/10/2026 8:35,69756453
98577c08-bc2e-43dc-87b1-0c899c855ed6,vbms,03/09/2026 19:49, Complete,03/10/2026 8:09,69756018
5acd331a-7eb9-4f49-a84d-816ea0087275,vbms,03/09/2026 19:21, Complete,03/09/2026 23:05,69755038
ea6559af-7720-47f7-873b-ee9d9fce21c2,vbms,03/09/2026 18:47, Complete,03/09/2026 23:26,69753778
223d7624-a78f-4750-9b50-3b9cd95ca548,vbms,03/09/2026 18:05, Complete,03/09/2026 22:52,69752175
1f9ce017-0936-4150-b497-8357c2f4a9e0,vbms,03/09/2026 18:05, Complete,03/09/2026 22:38,69751921
52f9a65f-bee8-433b-9f4e-ab73d32c376d,vbms,03/09/2026 17:53, Complete,03/09/2026 22:41,69751816
ea2eac92-ce8a-4557-a086-f545e102e365,vbms,03/09/2026 17:23, Complete,03/09/2026 23:26,69751530
d4b93672-f65a-489b-891c-bcad8730b347,vbms,03/09/2026 16:55, Complete,03/09/2026 21:04,69750482
78d1b817-1484-4b97-aca9-bd0334274e52,vbms,03/09/2026 16:41, Complete,03/09/2026 22:29,69748007
7498e5aa-2a3b-4abd-aae9-6557fc825234,vbms,03/09/2026 16:30, Complete,03/09/2026 21:47,69746204
3aa830f0-7266-4eaf-bc83-2e11d4c3b1d9,vbms,03/09/2026 16:13, Complete,03/09/2026 20:52,69744871
12eb0d43-dd06-4f5e-a7a1-4396830db152,vbms,03/09/2026 15:55, Complete,03/09/2026 19:55,69743507
808a3683-238f-4e78-b2e8-90830e1ecc57,vbms,03/09/2026 15:52, Complete,03/09/2026 20:45,69743262
a2060208-7508-45bb-a3f6-48c70eba2cd4,vbms,03/09/2026 15:08, Complete,03/09/2026 19:12,69739167
fe13f3fe-5874-4de9-ac2f-3db0b651dbd4,vbms,03/09/2026 14:00, Complete,03/09/2026 16:23,69731842
32a5954c-53d1-40e8-8afc-69c3b8f0b63a,vbms,03/09/2026 13:52, Complete,03/09/2026 19:10,69731284
ff9e1ab3-7972-4499-8075-bc8276d4b31c,vbms,03/09/2026 13:25, Complete,03/09/2026 15:33,69729353
68573766-56d5-405e-8471-716b7da9a1ad,vbms,03/09/2026 13:13, Complete,03/09/2026 16:19,69728332
b4dc04b7-45d9-4db4-b505-4a4e2c9e7060,vbms,03/09/2026 12:45, Complete,03/09/2026 15:42,69724548
c9bb0ee7-e170-4280-9ad2-9e57615a19c4,vbms,03/09/2026 12:14, Complete,03/09/2026 14:25,69721222
40f8317a-7b3c-4c25-babf-5d05186f2c8e,vbms,03/09/2026 11:22, Complete,03/09/2026 13:14,69717328
a2a88673-1457-426b-863a-f054fdf14ed7,vbms,03/09/2026 8:14,Complete,03/09/2026 11:13,69709689
88ddaa0d-6fcb-4a1b-9a5b-c4749f3039c5,vbms,03/09/2026 3:01,Complete,03/09/2026 10:17,69708017
0ca57d7c-7b60-4941-a51d-6b3ec2d1b287,vbms,03/09/2026 2:21,Complete,03/09/2026 9:53,69708202
ff93b046-4d7f-47ae-b1af-0ab3ccb4f7eb,vbms,03/09/2026 2:07,Complete,03/09/2026 10:12,69708097
7cfa0119-999c-4c4b-8315-6e82094510e0,	vbms,	03/10/2026 22:46	,Complete,	03/11/2026 10:03	,69808463
9129b3c7-6698-47ae-a0cc-e94e30ffcfbb,	vbms,	03/10/2026 22:03	,Complete,	03/11/2026 9:40	,69808038
a0c5300c-65cf-48a7-8af4-38349f666b47,	vbms,	03/10/2026 22:00	,Complete,	03/11/2026 9:29	,69808042
4103c8ae-07f2-4c74-bcfe-a56736586afa,	vbms,	03/10/2026 21:27	,Complete,	03/11/2026 9:17	,69807705
0720a0c6-11c1-4597-9d24-82a312d4a110,	vbms,	03/10/2026 20:28	,Complete,	03/11/2026 9:29	,69806801
a322585d-322c-47e5-8ab2-4301525422e0,	vbms,	03/10/2026 20:08	,Complete,	03/11/2026 8:32	,69806331
55bb5d78-81ea-4326-9b11-df455a44bb64,	vbms,	03/10/2026 19:36	,Complete,	03/11/2026 8:12	,69805852
e301b477-9ef2-4140-9f55-14037768258c,	vbms,	03/10/2026 19:04	,Complete,	03/11/2026 7:38	,69805199
22a81363-ed3a-49c2-bcca-07feaff846ed,	vbms,	03/10/2026 18:04	,Complete,	03/10/2026 20:13	,69803394
5dfefb02-ebe9-4b68-89cc-628ebadf81bb,	vbms,	03/10/2026 17:23	,Complete,	03/10/2026 21:19	,69801109
3fd7aeb5-a982-4248-946a-379c9f247672,	vbms,	03/10/2026 17:18	,Complete,	03/10/2026 20:39	,69800891
1904984e-e8d5-4400-9a86-0a4eb181d528,	vbms,	03/10/2026 16:16	,Complete,	03/10/2026 21:09	,69798806
7d6f106f-12ab-4104-9615-512b56873e11,	vbms,	03/10/2026 16:03	,Complete,	03/10/2026 19:53	,69798012
31046e73-2a67-41c7-a081-19edbd67c0b0,	vbms,	03/10/2026 16:02	,Complete,	03/10/2026 20:14	,69797926
0b11a6ba-2c67-43b0-9ec5-d92332c3661f,	vbms,	03/10/2026 15:33	,Complete,	03/10/2026 19:56	,69796166
1b7c88e7-ad43-4013-a02b-5a7cd87b3983,	vbms,	03/10/2026 15:13	,Complete,	03/10/2026 21:01	,69794799
8321ee45-12fe-4d7f-bdc0-5e7c6a8374b5,	vbms,	03/10/2026 14:55	,Complete,	03/10/2026 18:48	,69793758
186514ee-2ddf-4c63-93c5-47de88aea425,	vbms,	03/10/2026 14:25	,Complete,	03/10/2026 17:51	,69791821
bf89605b-e762-47b1-a448-e76377313787,	vbms,	03/10/2026 14:21	,Complete,	03/10/2026 17:22	,69791489
d0b39521-3c07-4ed6-90de-7da7f8e16f16,	vbms,	03/10/2026 14:19	,Complete,	03/10/2026 18:30	,69791358
4f2e52f4-56fa-4407-a0d6-d4841bee1747,	vbms,	03/10/2026 13:54	,Complete,	03/10/2026 18:17	,69789603
eb668352-0f56-48f1-9a1c-3467da5ddd78,	vbms,	03/10/2026 13:51	,Complete,	03/10/2026 18:14	,69789564
62fdbf32-da66-422a-86f8-f9a952e42ce0,	vbms,	03/10/2026 13:43	,Complete,	03/10/2026 18:14	,69788607
3c4e8a8c-200e-447e-a457-e91375fd489a,	vbms,	03/10/2026 12:49	,Complete,	03/10/2026 16:55	,69781080
015b7cf9-5362-41a9-90e9-154f676b6124,	vbms,	03/10/2026 12:40	,Complete,	03/10/2026 16:45	,69780175
2138998d-5980-48c9-8817-511d128b7da7,	vbms,	03/10/2026 12:27	,Complete,	03/10/2026 16:40	,69778562
846b0594-5254-45f3-ac86-fb816383efb3,	vbms,	03/10/2026 12:23	,Complete,	03/10/2026 15:57	,69777872
2b6c1a5a-2878-4e70-b037-325332bb29fc,	vbms,	03/10/2026 11:10	,Complete,	03/10/2026 13:12	,69771197
22ed0085-d5f3-4f7d-8dc2-b13bb399e2e9,	vbms,	03/10/2026 10:24	,Complete,	03/10/2026 13:39	,69768010
d1ad2b4d-e1f4-4e06-82c1-89be4a1f5c94,	vbms,	03/10/2026 9:42	,Complete,	03/10/2026 13:43	,69765185
13279547-b038-4a9a-8644-a789af9899eb,	vbms,	03/10/2026 8:47	,Complete,	03/10/2026 13:22	,69763155
3066c550-00a7-4af0-a6db-f2e77564d9f3,	vbms,	03/10/2026 7:55	,Complete,	03/10/2026 13:48	,69762265
67a0aeae-3f70-44d2-bdc2-fd13dc157042,	vbms,	03/10/2026 7:53	,Complete,	03/10/2026 13:31	,69762249
30afb753-e8e4-4105-9ec8-e017721ea9b9,	vbms,	03/10/2026 7:51	,Complete,	03/10/2026 12:57	,69762252
7aa59f01-fed2-48c4-8a69-69dc725cacce,	vbms,	03/10/2026 1:02	,Complete,	03/10/2026 9:57	,69759265
2799fde6-5c91-4148-b8db-a82d73764ab2,	vbms,	03/10/2026 0:24	,Complete,	03/10/2026 9:58	,69759116
07cfc380-46e2-440c-a423-709234000d37,	vbms,	03/10/2026 0:24	,Complete,	03/10/2026 9:47	,69759114
5cf211cb-b9dd-46cf-86f0-0f33a3eaed05	,Success,	03/11/2026 23:31	,Complete,	03/12/2026 9:28	,69849610
b212f000-901e-4767-8489-6ecbe63a8a5b	,Success,	03/11/2026 23:20	,Complete,	03/12/2026 11:36	,69849571
9ae2f2be-40e4-4e9a-bfc3-198c11ed0f5e	,Success,	03/11/2026 22:50	,Complete,	03/12/2026 10:00	,69849309
269ac141-f9ef-4f38-8217-431fb7131b01	,Success,	03/11/2026 21:06	,Complete,	03/12/2026 9:29	,69847903
27bb205a-a18d-440a-8d63-c862c252ca35	,Success,	03/11/2026 19:29	,Complete,	03/12/2026 9:39	,69846939
94076386-d0d6-43d2-85b2-176c5a634b6c	,Success,	03/11/2026 18:57	,Complete,	03/11/2026 21:59	,69845437
4b83e64a-2820-4288-beed-750b7420875c	,Success,	03/11/2026 18:21	,Complete,	03/11/2026 21:51	,69844707
3d4ecd62-d7de-4a97-94f1-e29e5ae0038a	,Success,	03/11/2026 18:16	,Complete,	03/11/2026 21:58	,69844657
261ac860-a0e6-4a12-a306-ec7cf421e1ca	,Success,	03/11/2026 17:51	,Complete,	03/11/2026 18:32	,69843725
b0638948-c68c-4ae7-8acf-66dcc12431af	,Success,	03/11/2026 16:46	,Complete,	03/11/2026 19:17	,69840698
c0694985-d7e8-4cea-8e4f-112b2bf28e5f	,Success,	03/11/2026 16:41	,Complete,	03/11/2026 19:23	,69840580
16619335-fc15-4709-addb-b812d93432ed	,Success,	03/11/2026 16:36	,Complete,	03/11/2026 19:17	,69840500
fce0d9b7-406f-402d-bd50-93e32b7b0d41	,Success,	03/11/2026 16:02	,Complete,	03/11/2026 20:07	,69838846
9d88a824-d057-409a-b155-0c8f52faa070	,Success,	03/11/2026 15:09	,Complete,	03/11/2026 19:04	,69835593
5b33a975-5b04-43ad-893f-af281ab84ce5	,Success,	03/11/2026 14:59	,Complete,	03/11/2026 17:16	,69835084
bef3eebd-0890-4e02-978e-3e4b073c6b75	,Success,	03/11/2026 14:41	,Complete,	03/11/2026 16:46	,69833660
f4886737-3028-4625-bccb-801f0978c5eb	,Success,	03/11/2026 14:31	,Complete,	03/11/2026 16:35	,69832974
9a008f71-abff-492b-ba0c-251b19e8c6c5	,Success,	03/11/2026 14:00	,Complete,	03/12/2026 8:22	,69843751
fbfae80f-8b28-40b1-a38d-e0a2354ef667	,Success,	03/11/2026 13:39	,Complete,	03/11/2026 16:12	,69829921
0c801ff9-917b-4705-9143-0b05c5672afb	,Success,	03/11/2026 13:37	,Complete,	03/11/2026 15:57	,69829644
dcf97b35-d64f-4c91-952b-baadd0fc43d3	,Success,	03/11/2026 13:36	,Complete,	03/11/2026 15:57	,69829565
ca17a716-e397-4ebc-9d34-895540e9c252	,Success,	03/11/2026 13:28	,Complete,	03/11/2026 15:53	,69828971
f18a2b15-f103-4c23-9ecb-deae0a9335d6	,Success,	03/11/2026 13:20	,Complete,	03/11/2026 15:53	,69828479
5e84341d-f6d2-4927-996f-35755229a35b	,Success,	03/11/2026 13:18	,Complete,	03/11/2026 15:53	,69828467
aae9ed0c-8e0a-4e5d-8fe2-4a70b929e887	,Success,	03/11/2026 13:06	,Complete,	03/11/2026 15:56	,69826817
e7a01fc3-5515-47f0-a06d-c6e3649c8c6c	,Success,	03/11/2026 12:51	,Complete,	03/11/2026 15:41	,69825800
14a9f33e-4c06-4eb7-9452-262adfea1168	,Success,	03/11/2026 12:17	,Complete,	03/11/2026 12:54	,69822358
7c959696-b7c7-405c-b7ae-4954adddba35	,Success,	03/11/2026 11:38	,Complete,	03/11/2026 14:02	,69819875
0daa87d9-bb76-453b-a4c9-f594bf12dfe3	,Success,	03/11/2026 11:22	,Complete,	03/11/2026 13:18	,69818973
14e20748-a309-4a1d-a5a3-cbd63ff8d366	,Success,	03/11/2026 2:03	,Complete,	03/11/2026 12:07	,69809559
640fa581-774a-49a0-974c-ec4524f633c9	,Success,	03/11/2026 1:42	,Complete,	03/11/2026 9:54	,69809489
9586c5fc-dfe3-4db9-bc13-49a2f98f6b84	,Success,	03/11/2026 0:54	,Complete,	03/11/2026 11:21	,69809293
