UUID,Lighthouse status,Lighthouse updated at(EST),CMP status,CMP updated at(CST),Packet ID,Notes
b528202e-04cd-4a6c-aeb4-79a1183d6276, vbms, 03/03/26 21:49 , , , 69568666, Error: pdf uploader: missing s3 bucket name
fe03773b-ff44-4d08-af07-4e8a69170781, vbms, 03/03/26 21:49 , , , 69568693, Error: pdf uploader: missing s3 bucket name
9ca43bf0-9dad-4233-8855-7353af379861, vbms, 03/03/26 21:52 , , , 69568815, Error: pdf uploader: missing s3 bucket name
86001212-9d76-499b-849e-e00c3b7259f6, vbms, 03/03/26 22:15 , , , 69569324, Error: pdf uploader: missing s3 bucket name
3de9e772-114d-4b55-97f4-367588630cdd, vbms, 03/03/26 22:17 , , , 69569599, Error: pdf uploader: missing s3 bucket name
249f6aed-07e9-400e-a50f-215dc5ab91f0, vbms, 03/03/26 22:22 , , , 69569647, Error: pdf uploader: missing s3 bucket name
40e443fd-7072-43e1-845d-6690e9246864, vbms, 03/03/26 22:23 , , , 69569654, Error: pdf uploader: missing s3 bucket name
12782f1d-239d-4411-99f1-59d60fdcf604, vbms, 03/03/26 22:23 , , , 69569653, Error: pdf uploader: missing s3 bucket name
fa6ebc4f-cf3f-4b51-8945-43e2d22ddc1b, vbms, 03/03/26 22:30 , , , 69569750, Error: pdf uploader: missing s3 bucket name
2d66a7f0-123d-4d78-952f-bf5fe895181d, vbms, 03/03/26 22:34 , , , 69569793, Error: pdf uploader: missing s3 bucket name
a4f995ef-334c-467e-9f11-03cc174e33ba, vbms, 03/03/26 22:52 , , , 69570158, Error: pdf uploader: missing s3 bucket name
8797e75a-9632-4e41-a096-77171b554e1a, vbms, 03/03/26 22:54 , , , 69570188, Error: pdf uploader: missing s3 bucket name
46413721-66d6-4eb3-9b09-ee6c4cee2103, vbms, 03/03/26 22:55 , , , 69570214, Error: pdf uploader: missing s3 bucket name
3b4a40d7-5b1b-4e3b-9626-de4741c06d70, vbms, 03/03/26 23:19 , , , 69570674, Error: pdf uploader: missing s3 bucket name
70eaf8a6-100a-4019-86e4-88e263b8bf63, vbms, 03/03/26 23:27 , , , 69570704, Error: pdf uploader: missing s3 bucket name
14a09492-40d7-4432-ab6f-b38862258d26, vbms, 03/03/26 23:28 , , , 69570702, Error: pdf uploader: missing s3 bucket name
baf2ede6-1fe0-497b-8cf3-ab6f925fc58a, vbms, 03/03/26 23:29 , , , 69570716, Error: pdf uploader: missing s3 bucket name
7bd6ebf2-7a22-4433-b53b-86aa5a4b83dd, vbms, 03/03/26 23:32 , , , 69570821, Error: pdf uploader: missing s3 bucket name
b85e2ee3-4baf-43c9-804b-d3a6ec98483b, vbms, 03/03/26 23:36 , , , 69570854, Error: pdf uploader: missing s3 bucket name
c9301026-69f7-46fd-bbcd-5c78969e64dd, vbms, 03/03/26 23:36 , , , 69570856, Error: pdf uploader: missing s3 bucket name
843010e1-bc6b-4b47-b5d2-71cdca9b818c, vbms, 03/03/26 23:41 , , , 69571291, Error: pdf uploader: missing s3 bucket name
d9685193-67fd-488c-8213-480823149387, vbms, 03/04/26 00:02 , , , 69571312, Error: pdf uploader: missing s3 bucket name
3ebfcf2b-0b64-486c-8244-fb2a44448d69, vbms, 03/04/26 00:05 , , , 69571450, Error: pdf uploader: missing s3 bucket name
ca72464a-d8fd-4d0e-8fde-d9f5248d9085, vbms, 03/04/26 00:12 , , , 69571492, Error: pdf uploader: missing s3 bucket name
5de24546-e3da-40be-8aa5-980b233294e2, vbms, 03/04/26 00:25 , , , 69571788, Error: pdf uploader: missing s3 bucket name
6461740d-4b58-4851-a94b-c63d0f21e22c, vbms, 03/04/26 00:27 , , , 69572095, Error: pdf uploader: missing s3 bucket name
96dd056e-4ad8-4416-bf01-5a53e932d6e5, vbms, 03/04/26 00:38 , , , 69571969, Error: pdf uploader: missing s3 bucket name
20a76fd0-9576-4631-b5eb-5d9e9d85a015, vbms, 03/04/26 00:47 , , , 69571794, Error: pdf uploader: missing s3 bucket name
9d2a3a19-28c0-4ed0-8f0a-eab2160c99f3, vbms, 03/04/26 00:48 , , , 69572053, Error: pdf uploader: missing s3 bucket name
6bd13b0d-6d5c-4e61-9cc3-4365f3109e77, vbms, 03/04/26 01:05 , , , 69572284, Error: pdf uploader: missing s3 bucket name
fa7a93eb-323e-41fd-aaa3-8c310fa13c94, vbms, 03/04/26 01:28 , , , 69572567, Error: pdf uploader: missing s3 bucket name
980ca8b5-5609-4bf0-9640-1888a3cc1227, vbms, 03/04/26 01:37 , , , 69572684, Error: pdf uploader: missing s3 bucket name
d9cab38b-8903-40a9-9be5-3a68da66c927, vbms, 03/04/26 01:38 , , , 69572712, Error: pdf uploader: missing s3 bucket name
9e510f00-79f4-40f8-a81b-f7d5c9c709c3, vbms, 03/04/26 01:39 , , , 69572702, Error: pdf uploader: missing s3 bucket name
cdb95f5d-85f7-4abc-911a-ec8f3c003386, vbms, 03/04/26 01:40 , , , 69572704, Error: pdf uploader: missing s3 bucket name
1e5e6e87-fc0e-4911-a7f0-65d03b0332fa, vbms, 03/04/26 03:01 , , , 69573697, Error: pdf uploader: missing s3 bucket name
58bbf29d-5541-4aa1-8150-c863e0aac23c, vbms, 03/04/26 03:03 , , , 69573664, Error: pdf uploader: missing s3 bucket name
3b15f5d0-c3f6-42cf-801a-98837fef07aa, vbms, 03/04/26 03:14 , , , 69573758, Error: pdf uploader: missing s3 bucket name
bcdab715-04c2-4221-a463-c40bff13fab0, vbms, 03/04/26 04:22 , , , 69574113, Error: pdf uploader: missing s3 bucket name
ed79c433-27da-413e-9bb2-da3ad0510f7c, vbms, 03/04/26 04:54 , , , 69574496, Error: pdf uploader: missing s3 bucket name
49cd8b07-afff-4e26-b1ae-5f0d8396b265, vbms, 03/04/26 05:00 , , , 69574197, Error: pdf uploader: missing s3 bucket name
43398e21-c55b-4b79-aaff-76fbc671ad8d, vbms, 03/04/26 05:01 , , , 69574215, Error: pdf uploader: missing s3 bucket name
0a5b9c99-c6eb-4667-974f-cdc4d29f3103, vbms, 03/04/26 05:23 , , , 69574331, Error: pdf uploader: missing s3 bucket name
174b6154-0b17-4f1d-815a-7a64ec8cf0b4, vbms, 03/04/26 07:39 , , , 69574727, Error: pdf uploader: missing s3 bucket name
50672fd9-b259-4459-9eb9-9374fd635840, vbms, 03/04/26 07:52 , , , 69574737, Error: pdf uploader: missing s3 bucket name
e7806218-1af7-4eb2-9463-612770debb36, vbms, 03/04/26 07:56 , , , 69574751, Error: pdf uploader: missing s3 bucket name
50943b2c-117a-4f1e-9aed-997af7806933, vbms, 03/04/26 08:00 , , , 69574752, Error: pdf uploader: missing s3 bucket name
d9a017b9-f2b7-4234-8ad4-6fc9c370245a, vbms, 03/04/26 09:10 , , , 69574838, Error: pdf uploader: missing s3 bucket name
b37b043e-d090-460e-af82-6ce1be627745, vbms, 03/04/26 09:13 , , , 69575000, Error: pdf uploader: missing s3 bucket name
a3fa2fd2-662d-4623-8116-28625d190540, vbms, 03/04/26 13:08 , , , 69575874, Error: pdf uploader: missing s3 bucket name
20d9ae80-8882-47d8-b5db-460ce2dbba94, vbms, 03/04/26 13:19 , , , 69576024, Error: pdf uploader: missing s3 bucket name
b117bc38-7e43-49c5-ab9e-f6ae5bce00c8, vbms, 03/04/26 13:50 , , , 69576721, Error: pdf uploader: missing s3 bucket name
fc39291a-b61f-4a10-9727-8750e6d6d3c3, vbms, 03/04/26 15:10 , , , 69580552, Error: pdf uploader: missing s3 bucket name
7a9c2ab8-1f38-4473-9e1b-2d7be89ea198, vbms, 2026/03/05 10:42, ,03/05/2026 11:53 AM,69623116,
b149b640-28c9-4e8b-9e9d-21ecda186d16, vbms, 2026/03/05 11:25, ,03/05/2026 01:41 PM,69631768,
310a7535-3a63-4380-9c6c-9860f9defeba, vbms, 2026/03/05 11:40, ,03/05/2026 02:03 PM,69634264,
e0e0130f-0e1e-40f1-92e1-e9257ca24c26, vbms, 2026/03/05 12:10, ,03/05/2026 03:01 PM,69637441,
4bb19d8c-a305-43bf-85ea-009d74c66c4c, vbms, 2026/03/05 12:33, ,03/05/2026 03:48 PM,69639226,
e14a0907-9f29-4c75-a9d2-6cbadb412fe8, vbms, 2026/03/05 12:53, ,03/05/2026 04:45 PM,69641644,
db5bb329-8c50-4e25-bcc0-94c284dd1ebe, vbms, 2026/03/05 13:20, ,03/05/2026 05:55 PM,69643841,
12bcca62-5e7c-4aba-8a65-3fdbc08834b6, vbms, 2026/03/05 13:25, ,03/05/26 05:45 PM,69644245,
69388f20-cc96-4211-bf4d-60057fce15b7, vbms, 2026/03/05 13:47, ,03/05/26,69645512,
07075355-553e-45a3-adb6-f06628cd7cfa, vbms, 2026/03/05 13:57, ,03/05/26	69645855,,
7eac2dd4-2be6-402c-8960-2070a3c094c4, vbms, 2026/03/05 14:07, ,03/05/26,69646140,
2a86072c-18ed-4609-889a-46e7c37e14fc, vbms, 2026/03/05 14:17, ,03/05/26,69646522,
6f259dbf-8043-4d60-898f-40be4bb7bc53, vbms, 2026/03/05 14:33, ,03/05/26,69647170,
04f6611b-223d-4a82-9214-ee5df2d7b1ca, vbms, 2026/03/05 14:45, ,03/05/26,69647701,
c3e4e14c-d2ea-41f3-8bcf-3475a8216d66, vbms, 2026/03/05 14:54, ,03/05/26,69647577,
be9beccc-b125-48f9-9652-7cebd3427be3, vbms, 2026/03/05 15:01, ,03/05/26,69648008,
3a5e52cb-b574-41ef-9716-7adc0cf77da5, vbms, 2026/03/05 15:42, ,03/06/26 08:11 AM,69649391,
d0fffade-448a-4953-abf3-15ddbdc49300, vbms, 2026/03/05 15:44, ,03/06/26 08:20 AM,69649435,
82ad1fac-662c-4c0f-aead-4a4b35a712fb, vbms, 2026/03/05 16:11, ,03/06/26 08:32 AM,69650001,
700e7c64-fa55-4bca-8d4e-eadb0f4195e1, vbms, 2026/03/05 16:15, ,03/06/26 08:32 AM,69650059,
6c8aaff4-1fef-496d-a54f-d0d1f9987844, vbms, 2026/03/05 17:16, ,,69653158,
7b324bfc-f2aa-4974-93a9-c568dcf96236, vbms, 2026/03/05 17:33,,,69653345,
ae211625-06f3-4201-bcae-d251e182779d, vbms, 2026/03/05 17:55,,,69653565,
9c2d067c-42e7-46f5-985b-589be8581374, vbms, 2026/03/05 18:06,,,69653649,
3a7dba73-5bbc-4e59-bfde-f9d02fada0a4, vbms, 2026/03/05 19:04,,,69654045,
83f630f3-4cad-48c1-8959-2853fcab42b6, vbms, 2026/03/05 19:49,,,69654198,
1c3465c0-c5bd-47fb-a64b-64bcdbabc3b4, vbms, 2026/03/05 20:24,,,69654579,
258d4afb-38c4-4638-a38e-f29640fa4a98, vbms, 2026/03/05 20:43,,,69654728,
b6a4a5fc-c823-4c8a-b544-aa4625f0e9e3, vbms, 2026/03/05 21:24,,,69654792,
f46d0175-32f8-4190-b85f-2c474044a7cb, vbms, 2026/03/05 22:12,,,69654846,
a75a951f-6982-4781-8e82-cc4725bf7438, vbms, 2026/03/05 22:43,,,69655068,
646393da-4e5d-4511-b16e-59335d3b5ed3, vbms, 2026/03/05 22:46,,,69655079,
f46d0175-32f8-4190-b85f-2c474044a7cb,vbms,03/05/2026 22:12,,,,
a75a951f-6982-4781-8e82-cc4725bf7438,vbms,03/05/2026 22:43,,,,
646393da-4e5d-4511-b16e-59335d3b5ed3,vbms,03/05/2026 22:46,,,,
6aae0499-af66-4fd0-b5ca-b4e0f18e0d0a,vbms,3/6/2026 22:09,Complete,3/7/2026 9:32,69691745,
b6255505-148f-411c-998c-d417e84acad7,vbms,3/6/2026 20:47,Complete,3/7/2026 9:01,69691203,
cc6c9239-3df1-4135-961d-efa49dd93a04,vbms,3/6/2026 17:47,Complete,3/6/2026 21:10,69689567,
4d3f546f-d823-4b75-bc6b-95d71a9f46b0,vbms,3/6/2026 16:09,Complete,3/6/2026 19:02,69685650,
c0620d5c-10ba-42d0-865c-6b639dce8451,vbms,3/6/2026 15:56,Complete,3/6/2026 18:52,69685480,
53e0124f-e461-46a3-b717-cb528bd4f59a,vbms,3/6/2026 15:16,Complete,3/6/2026 18:41,69684731,
00c3beae-e49f-4c86-b9a4-67845e1e43c9,vbms,3/6/2026 15:15,Complete,3/6/2026 18:41,69684645,
2c5124af-9e8a-4f73-bcb4-88766e4a1d16,vbms,3/6/2026 15:07,Complete,3/6/2026 18:28,69684347,
fb0fa6ab-830b-4cc2-b310-b6bf0e2de4fe,vbms,3/6/2026 15:01,Complete,3/6/2026 18:31,69684172,
0c5a0a88-f2bd-4d92-a5d1-e6414b558f4f,vbms,3/6/2026 14:58,Complete,3/6/2026 18:11,69683064,
59402fee-9dbd-4c47-9a29-a8595df45c96,vbms,3/6/2026 14:49,Complete,3/6/2026 18:40,69684021,
41671dec-2009-42e5-a27b-bf61e7db0f0f,vbms,3/6/2026 14:39,Complete,3/6/2026 18:32,69683890,
c9834b73-ed56-4872-bbc9-b7652128310a,vbms,3/6/2026 14:14,Complete,3/6/2026 18:12,69683431,
327b1c5d-7e30-4e50-bacb-c0d06a1669cd,vbms,3/6/2026 13:47,Complete,3/6/2026 18:00,69682974,
7488eb30-884b-48bf-a6b3-6827d2eaf466,vbms,3/6/2026 13:25,Complete,3/6/2026 17:36,69681765,
276f3794-9e8b-4c23-8ded-55526a9cbf01,vbms,3/6/2026 13:05,Complete,3/6/2026 17:18,69680616,
e2bbeaa3-6488-42ec-b07d-1ea70e259941,vbms,3/6/2026 12:41,Complete,3/6/2026 17:16,69679490,
a590b587-8327-46ee-b2d5-b53275170b1a,vbms,3/6/2026 11:37,Complete,3/6/2026 13:42,69671830,
0eda3441-69dc-4c92-b72c-a1b432e76419,vbms,3/6/2026 11:10,Complete,3/6/2026 12:56,69666689,
ca3ac461-5267-4792-92d7-c2f6b39eb447,vbms,3/6/2026 9:34,Complete,3/6/2026 12:01, 69661070,
29403ffb-81d0-40bc-b9c8-08dff742803f,vbms,3/6/2026 9:12,Complete,3/6/2026 12:22, 69659947,
c47376b4-e116-49e4-81f1-a53198deb59b,vbms,3/6/2026 8:44,Complete,3/6/2026 10:51, 69658724,
2f3b3811-5a49-42a5-9566-1197636d87ad,vbms,3/6/2026 7:55,Complete,3/6/2026 11:49, 69657471,
1135093c-ceca-43ad-a699-d2dee77899ff,vbms,3/6/2026 0:02,Complete,3/6/2026 10:49, 69655730,
91834a72-5d71-46ee-89fb-4820d3841a2a,vbms,3/7/2026 19:36,In Process,3/9/2026 7:55,69702309,
e5d32bb3-f639-488b-be3e-caa6614c3924,vbms,3/7/2026 19:19,In Process,3/9/2026 7:46,69702155,
8e67e9ee-1a5c-4694-9585-52ba92a5dde8,vbms,3/7/2026 17:01,In Process,3/9/2026 7:20,69700704,
d4e6cf2d-0ce7-4bdd-b86e-bb4bc6686fe0,vbms,3/7/2026 16:53,In Process,3/9/2026 7:00,69700609,
6f16ba1c-82cc-453e-98fc-921a27071878,vbms,3/7/2026 15:52,In Process,3/9/2026 6:40,69700097,
e4cffa78-b987-4ce4-b6d0-8e903bbb1d2d,vbms,3/7/2026 15:19,Complete,3/7/2026 14:40,69699025,
e3986c44-29f8-475d-949d-8e8422a97c71,vbms,3/7/2026 14:55,Complete,3/7/2026 14:20,69698181,
43763f62-6eb7-46bf-9825-5faf7663584c,vbms,3/7/2026 14:10,In Process,3/7/2026 13:40,69697229,
f0064682-9c90-4344-9d19-a12e9550b978,vbms,3/7/2026 12:41,Complete,3/7/2026 12:05,69695792,
86f0da48-f453-4571-b45f-bb8569b96da5,vbms,3/7/2026 12:39,Complete,3/7/2026 12:45,69695788,
9ab6bce5-b667-40fd-9cee-b6d3ffed1046,vbms,3/7/2026 12:03,Complete,3/7/2026 11:46,69695189,
63e83417-4c84-4d6d-9ddc-79f990d08771,vbms,3/7/2026 10:25,Complete,3/7/2026 11:35,69694593,
6267e96d-7e98-4955-8127-38344e917f52,vbms,3/7/2026 3:00,Complete,3/7/2026 10:10,69692692,
bae3eda0-1046-4f59-af22-bbd614bb7c50,vbms,3/7/2026 2:27,Complete,3/7/2026 10:02,69692636,
86b8e883-293d-497c-ac78-1cca2cfa22e0,vbms,3/7/2026 0:18,Complete,3/7/2026 10:00,69692441,
15c6cd6f-9d9f-4720-a191-d5a35312bf3b,Success,03/08/2026 23:45,Still in Conversion Process,,,
07059637-d350-4066-af7b-5eae4b800fdb,Success,03/08/2026 23:29,Still in Conversion Process,,,
d8ec928d-86f1-4114-951d-b7e8d4db58a6,Success,03/08/2026 22:46,InProcess,3/9/2026 9:00,69705488,
8f16a86d-8db6-4df7-aca4-01874764dabe,Success,03/08/2026 21:13,Still in Conversion Process,,	,
c971e051-090e-49ec-abb9-40d95d85ef74,Success,03/08/2026 20:21,Still in Conversion Process,,69706256,
04a75cac-4f65-40aa-992c-e9621fb6752a,Success,03/08/2026 18:51,InProcess,3/9/2026 9:10,69705908,
ea0338b9-e82c-47ca-9f54-d9d693306867,Success,03/08/2026 17:56,InProcess,3/9/2026 9:00,69705558,
bf78c683-7b48-46b6-bdb0-0ab2eb176edb,Success,03/08/2026 17:18,Still in Conversion Process,,69705348,
e5551ac3-f3f4-4a9c-993f-1ec775d27a73,Success,03/08/2026 16:50,InProcess,3/9/2026 8:57,69705234,
b82aa9a8-10a0-4466-b384-62c370617bb7,Success,03/08/2026 16:49,InProcess,3/9/2026 8:50,69704359,
d36bdd68-cc7b-455a-8639-3f6dec37db7e,Success,03/08/2026 05:25,InProcess,3/9/2026 8:18,69703229,
15d80f7d-f6df-40e4-9834-98db67f08090,Success,03/08/2026 04:44,InProcess,3/9/2026 8:18,69703228,
cac87fb6-010d-476f-8e22-2a887594afdf,Success,03/08/2026 01:47,InProcess,3/9/2026 8:21,69703120,
94c553f7-4b81-427a-9c4b-42fd30a8faf5,vbms,03/09/2026 23:07, Complete,03/10/2026 10:13,69758520,
0847159a-3df4-49c6-ac43-8d8de78297e0,vbms,03/09/2026 22:40, Complete,03/10/2026 10:12,69758366,
36cce963-4c1d-44c0-8a87-7612caaffe02,vbms,03/09/2026 22:36, Complete,03/10/2026 9:25,69758347,
5aea7903-433f-4aeb-9f80-462e23ca758a,vbms,03/09/2026 22:34, Complete,03/10/2026 9:22,69758343,
2235fedd-571a-4d0c-8189-9df009feb2d6,vbms,03/09/2026 21:46, Complete,03/10/2026 9:37,69757787,
b7fb3774-f013-4f41-8812-1b88195c1640,vbms,03/09/2026 21:41, Complete,03/10/2026 9:29,69757727,
0a5d8c75-6e66-4a77-a875-a0e255758641,vbms,03/09/2026 20:45, Complete,03/10/2026 8:54,69756862,
2c7ff984-026b-4e13-a967-c63e7bec7844,vbms,03/09/2026 20:38, Complete,03/10/2026 8:42,69756746,
4d7c2789-3109-47d9-ba64-35756100f1ff,vbms,03/09/2026 20:16, Complete,03/10/2026 8:35,69756453,
98577c08-bc2e-43dc-87b1-0c899c855ed6,vbms,03/09/2026 19:49, Complete,03/10/2026 8:09,69756018,
5acd331a-7eb9-4f49-a84d-816ea0087275,vbms,03/09/2026 19:21, Complete,03/09/2026 23:05,69755038,
ea6559af-7720-47f7-873b-ee9d9fce21c2,vbms,03/09/2026 18:47, Complete,03/09/2026 23:26,69753778,
223d7624-a78f-4750-9b50-3b9cd95ca548,vbms,03/09/2026 18:05, Complete,03/09/2026 22:52,69752175,
1f9ce017-0936-4150-b497-8357c2f4a9e0,vbms,03/09/2026 18:05, Complete,03/09/2026 22:38,69751921,
52f9a65f-bee8-433b-9f4e-ab73d32c376d,vbms,03/09/2026 17:53, Complete,03/09/2026 22:41,69751816,
ea2eac92-ce8a-4557-a086-f545e102e365,vbms,03/09/2026 17:23, Complete,03/09/2026 23:26,69751530,
d4b93672-f65a-489b-891c-bcad8730b347,vbms,03/09/2026 16:55, Complete,03/09/2026 21:04,69750482,
78d1b817-1484-4b97-aca9-bd0334274e52,vbms,03/09/2026 16:41, Complete,03/09/2026 22:29,69748007,
7498e5aa-2a3b-4abd-aae9-6557fc825234,vbms,03/09/2026 16:30, Complete,03/09/2026 21:47,69746204,
3aa830f0-7266-4eaf-bc83-2e11d4c3b1d9,vbms,03/09/2026 16:13, Complete,03/09/2026 20:52,69744871,
12eb0d43-dd06-4f5e-a7a1-4396830db152,vbms,03/09/2026 15:55, Complete,03/09/2026 19:55,69743507,
808a3683-238f-4e78-b2e8-90830e1ecc57,vbms,03/09/2026 15:52, Complete,03/09/2026 20:45,69743262,
a2060208-7508-45bb-a3f6-48c70eba2cd4,vbms,03/09/2026 15:08, Complete,03/09/2026 19:12,69739167,
fe13f3fe-5874-4de9-ac2f-3db0b651dbd4,vbms,03/09/2026 14:00, Complete,03/09/2026 16:23,69731842,
32a5954c-53d1-40e8-8afc-69c3b8f0b63a,vbms,03/09/2026 13:52, Complete,03/09/2026 19:10,69731284,
ff9e1ab3-7972-4499-8075-bc8276d4b31c,vbms,03/09/2026 13:25, Complete,03/09/2026 15:33,69729353,
68573766-56d5-405e-8471-716b7da9a1ad,vbms,03/09/2026 13:13, Complete,03/09/2026 16:19,69728332,
b4dc04b7-45d9-4db4-b505-4a4e2c9e7060,vbms,03/09/2026 12:45, Complete,03/09/2026 15:42,69724548,
c9bb0ee7-e170-4280-9ad2-9e57615a19c4,vbms,03/09/2026 12:14, Complete,03/09/2026 14:25,69721222,
40f8317a-7b3c-4c25-babf-5d05186f2c8e,vbms,03/09/2026 11:22, Complete,03/09/2026 13:14,69717328,
a2a88673-1457-426b-863a-f054fdf14ed7,vbms,03/09/2026 8:14,Complete,03/09/2026 11:13,69709689,
88ddaa0d-6fcb-4a1b-9a5b-c4749f3039c5,vbms,03/09/2026 3:01,Complete,03/09/2026 10:17,69708017,
0ca57d7c-7b60-4941-a51d-6b3ec2d1b287,vbms,03/09/2026 2:21,Complete,03/09/2026 9:53,69708202,
ff93b046-4d7f-47ae-b1af-0ab3ccb4f7eb,vbms,03/09/2026 2:07,Complete,03/09/2026 10:12,69708097,
7cfa0119-999c-4c4b-8315-6e82094510e0,	vbms,	03/10/2026 22:46	,Complete,	03/11/2026 10:03	,69808463,
9129b3c7-6698-47ae-a0cc-e94e30ffcfbb,	vbms,	03/10/2026 22:03	,Complete,	03/11/2026 9:40	,69808038,
a0c5300c-65cf-48a7-8af4-38349f666b47,	vbms,	03/10/2026 22:00	,Complete,	03/11/2026 9:29	,69808042,
4103c8ae-07f2-4c74-bcfe-a56736586afa,	vbms,	03/10/2026 21:27	,Complete,	03/11/2026 9:17	,69807705,
0720a0c6-11c1-4597-9d24-82a312d4a110,	vbms,	03/10/2026 20:28	,Complete,	03/11/2026 9:29	,69806801,
a322585d-322c-47e5-8ab2-4301525422e0,	vbms,	03/10/2026 20:08	,Complete,	03/11/2026 8:32	,69806331,
55bb5d78-81ea-4326-9b11-df455a44bb64,	vbms,	03/10/2026 19:36	,Complete,	03/11/2026 8:12	,69805852,
e301b477-9ef2-4140-9f55-14037768258c,	vbms,	03/10/2026 19:04	,Complete,	03/11/2026 7:38	,69805199,
22a81363-ed3a-49c2-bcca-07feaff846ed,	vbms,	03/10/2026 18:04	,Complete,	03/10/2026 20:13	,69803394,
5dfefb02-ebe9-4b68-89cc-628ebadf81bb,	vbms,	03/10/2026 17:23	,Complete,	03/10/2026 21:19	,69801109,
3fd7aeb5-a982-4248-946a-379c9f247672,	vbms,	03/10/2026 17:18	,Complete,	03/10/2026 20:39	,69800891,
1904984e-e8d5-4400-9a86-0a4eb181d528,	vbms,	03/10/2026 16:16	,Complete,	03/10/2026 21:09	,69798806,
7d6f106f-12ab-4104-9615-512b56873e11,	vbms,	03/10/2026 16:03	,Complete,	03/10/2026 19:53	,69798012,
31046e73-2a67-41c7-a081-19edbd67c0b0,	vbms,	03/10/2026 16:02	,Complete,	03/10/2026 20:14	,69797926,
0b11a6ba-2c67-43b0-9ec5-d92332c3661f,	vbms,	03/10/2026 15:33	,Complete,	03/10/2026 19:56	,69796166,
1b7c88e7-ad43-4013-a02b-5a7cd87b3983,	vbms,	03/10/2026 15:13	,Complete,	03/10/2026 21:01	,69794799,
8321ee45-12fe-4d7f-bdc0-5e7c6a8374b5,	vbms,	03/10/2026 14:55	,Complete,	03/10/2026 18:48	,69793758,
186514ee-2ddf-4c63-93c5-47de88aea425,	vbms,	03/10/2026 14:25	,Complete,	03/10/2026 17:51	,69791821,
bf89605b-e762-47b1-a448-e76377313787,	vbms,	03/10/2026 14:21	,Complete,	03/10/2026 17:22	,69791489,
d0b39521-3c07-4ed6-90de-7da7f8e16f16,	vbms,	03/10/2026 14:19	,Complete,	03/10/2026 18:30	,69791358,
4f2e52f4-56fa-4407-a0d6-d4841bee1747,	vbms,	03/10/2026 13:54	,Complete,	03/10/2026 18:17	,69789603,
eb668352-0f56-48f1-9a1c-3467da5ddd78,	vbms,	03/10/2026 13:51	,Complete,	03/10/2026 18:14	,69789564,
62fdbf32-da66-422a-86f8-f9a952e42ce0,	vbms,	03/10/2026 13:43	,Complete,	03/10/2026 18:14	,69788607,
3c4e8a8c-200e-447e-a457-e91375fd489a,	vbms,	03/10/2026 12:49	,Complete,	03/10/2026 16:55	,69781080,
015b7cf9-5362-41a9-90e9-154f676b6124,	vbms,	03/10/2026 12:40	,Complete,	03/10/2026 16:45	,69780175,
2138998d-5980-48c9-8817-511d128b7da7,	vbms,	03/10/2026 12:27	,Complete,	03/10/2026 16:40	,69778562,
846b0594-5254-45f3-ac86-fb816383efb3,	vbms,	03/10/2026 12:23	,Complete,	03/10/2026 15:57	,69777872,
2b6c1a5a-2878-4e70-b037-325332bb29fc,	vbms,	03/10/2026 11:10	,Complete,	03/10/2026 13:12	,69771197,
22ed0085-d5f3-4f7d-8dc2-b13bb399e2e9,	vbms,	03/10/2026 10:24	,Complete,	03/10/2026 13:39	,69768010,
d1ad2b4d-e1f4-4e06-82c1-89be4a1f5c94,	vbms,	03/10/2026 9:42	,Complete,	03/10/2026 13:43	,69765185,
13279547-b038-4a9a-8644-a789af9899eb,	vbms,	03/10/2026 8:47	,Complete,	03/10/2026 13:22	,69763155,
3066c550-00a7-4af0-a6db-f2e77564d9f3,	vbms,	03/10/2026 7:55	,Complete,	03/10/2026 13:48	,69762265,
67a0aeae-3f70-44d2-bdc2-fd13dc157042,	vbms,	03/10/2026 7:53	,Complete,	03/10/2026 13:31	,69762249,
30afb753-e8e4-4105-9ec8-e017721ea9b9,	vbms,	03/10/2026 7:51	,Complete,	03/10/2026 12:57	,69762252,
7aa59f01-fed2-48c4-8a69-69dc725cacce,	vbms,	03/10/2026 1:02	,Complete,	03/10/2026 9:57	,69759265,
2799fde6-5c91-4148-b8db-a82d73764ab2,	vbms,	03/10/2026 0:24	,Complete,	03/10/2026 9:58	,69759116,
07cfc380-46e2-440c-a423-709234000d37,	vbms,	03/10/2026 0:24	,Complete,	03/10/2026 9:47	,69759114,
5cf211cb-b9dd-46cf-86f0-0f33a3eaed05	,vbms,	03/11/2026 23:31	,Complete,	03/12/2026 9:28	,69849610,
b212f000-901e-4767-8489-6ecbe63a8a5b	,vbms,	03/11/2026 23:20	,Complete,	03/12/2026 11:36	,69849571,
9ae2f2be-40e4-4e9a-bfc3-198c11ed0f5e	,vbms,	03/11/2026 22:50	,Complete,	03/12/2026 10:00	,69849309,
269ac141-f9ef-4f38-8217-431fb7131b01	,vbms,	03/11/2026 21:06	,Complete,	03/12/2026 9:29	,69847903,
27bb205a-a18d-440a-8d63-c862c252ca35	,vbms,	03/11/2026 19:29	,Complete,	03/12/2026 9:39	,69846939,
94076386-d0d6-43d2-85b2-176c5a634b6c	,vbms,	03/11/2026 18:57	,Complete,	03/11/2026 21:59	,69845437,
4b83e64a-2820-4288-beed-750b7420875c	,vbms,	03/11/2026 18:21	,Complete,	03/11/2026 21:51	,69844707,
3d4ecd62-d7de-4a97-94f1-e29e5ae0038a	,vbms,	03/11/2026 18:16	,Complete,	03/11/2026 21:58	,69844657,
261ac860-a0e6-4a12-a306-ec7cf421e1ca	,vbms,	03/11/2026 17:51	,Complete,	03/11/2026 18:32	,69843725,
b0638948-c68c-4ae7-8acf-66dcc12431af	,vbms,	03/11/2026 16:46	,Complete,	03/11/2026 19:17	,69840698,
c0694985-d7e8-4cea-8e4f-112b2bf28e5f	,vbms,	03/11/2026 16:41	,Complete,	03/11/2026 19:23	,69840580,
16619335-fc15-4709-addb-b812d93432ed	,vbms,	03/11/2026 16:36	,Complete,	03/11/2026 19:17	,69840500,
fce0d9b7-406f-402d-bd50-93e32b7b0d41	,vbms,	03/11/2026 16:02	,Complete,	03/11/2026 20:07	,69838846,
9d88a824-d057-409a-b155-0c8f52faa070	,vbms,	03/11/2026 15:09	,Complete,	03/11/2026 19:04	,69835593,
5b33a975-5b04-43ad-893f-af281ab84ce5	,vbms,	03/11/2026 14:59	,Complete,	03/11/2026 17:16	,69835084,
bef3eebd-0890-4e02-978e-3e4b073c6b75	,vbms,	03/11/2026 14:41	,Complete,	03/11/2026 16:46	,69833660,
f4886737-3028-4625-bccb-801f0978c5eb	,vbms,	03/11/2026 14:31	,Complete,	03/11/2026 16:35	,69832974,
9a008f71-abff-492b-ba0c-251b19e8c6c5	,vbms,	03/11/2026 14:00	,Complete,	03/12/2026 8:22	,69843751,
fbfae80f-8b28-40b1-a38d-e0a2354ef667	,vbms,	03/11/2026 13:39	,Complete,	03/11/2026 16:12	,69829921,
0c801ff9-917b-4705-9143-0b05c5672afb	,vbms,	03/11/2026 13:37	,Complete,	03/11/2026 15:57	,69829644,
dcf97b35-d64f-4c91-952b-baadd0fc43d3	,vbms,	03/11/2026 13:36	,Complete,	03/11/2026 15:57	,69829565,
ca17a716-e397-4ebc-9d34-895540e9c252	,vbms,	03/11/2026 13:28	,Complete,	03/11/2026 15:53	,69828971,
f18a2b15-f103-4c23-9ecb-deae0a9335d6	,vbms,	03/11/2026 13:20	,Complete,	03/11/2026 15:53	,69828479,
5e84341d-f6d2-4927-996f-35755229a35b	,vbms,	03/11/2026 13:18	,Complete,	03/11/2026 15:53	,69828467,
aae9ed0c-8e0a-4e5d-8fe2-4a70b929e887	,vbms,	03/11/2026 13:06	,Complete,	03/11/2026 15:56	,69826817,
e7a01fc3-5515-47f0-a06d-c6e3649c8c6c	,vbms,	03/11/2026 12:51	,Complete,	03/11/2026 15:41	,69825800,
14a9f33e-4c06-4eb7-9452-262adfea1168	,vbms,	03/11/2026 12:17	,Complete,	03/11/2026 12:54	,69822358,
7c959696-b7c7-405c-b7ae-4954adddba35	,vbms,	03/11/2026 11:38	,Complete,	03/11/2026 14:02	,69819875,
0daa87d9-bb76-453b-a4c9-f594bf12dfe3	,vbms,	03/11/2026 11:22	,Complete,	03/11/2026 13:18	,69818973,
14e20748-a309-4a1d-a5a3-cbd63ff8d366	,vbms,	03/11/2026 2:03	,Complete,	03/11/2026 12:07	,69809559,
640fa581-774a-49a0-974c-ec4524f633c9	,vbms,	03/11/2026 1:42	,Complete,	03/11/2026 9:54	,69809489,
9586c5fc-dfe3-4db9-bc13-49a2f98f6b84	,vbms,	03/11/2026 0:54	,Complete,	03/11/2026 11:21	,69809293,
d51e5b40-ee68-4ef2-a182-b63fe3258f3b	,vbms,	03/12/2026 23:11	,Complete,	03/13/2026 8:58	,69894404,
9dd33c94-1283-4a54-9aa6-65fabc91ede6	,vbms,	03/12/2026 23:09	,Complete,	03/13/2026 8:58	,69894405,
681c7178-dfe2-457e-b4d9-ff9533ac021f	,vbms,	03/12/2026 22:19	,Complete,	03/13/2026 9:01	,69894198,
2f758451-5546-4f11-820c-80757254a159	,vbms,	03/12/2026 22:16	,Complete,	03/13/2026 8:42	,69893885,
7f8c54af-1526-41b0-86a4-4a04973a8cfc	,vbms,	03/12/2026 21:45	,Complete,	03/13/2026 8:42	,69893885,
3fe9c790-d060-4abd-bf2f-7a56b43de9ce	,vbms,	03/12/2026 20:56	,Complete,	03/13/2026 8:39	,69893458,
b81d3114-8d01-45ac-a044-ac9783136de2	,vbms,	03/12/2026 19:00	,Complete,	03/13/2026 7:22	,69892141,
1905e55a-f21b-40a7-afaf-ea56f2022e86	,vbms,	03/12/2026 18:58	,Complete,	03/13/2026 7:22,	69892147,
5db16707-92f7-4687-8a55-d985db4c9647	,vbms,	03/12/2026 18:44	,Complete,	03/12/2026 23:09,	69891779,
f7d05c72-e231-4c43-ae38-10b56ff3d564	,vbms,	03/12/2026 17:28	,Complete,	03/12/2026 22:58,	69889468,
c78800a3-d613-46c9-9a4f-eb3dc3c33411	,vbms,	03/12/2026 17:17	,Complete,	03/12/2026 23:04,	69889918,
bdecec88-db34-43a7-a868-11442714711b	,vbms,	03/12/2026 16:53	,Complete,	03/12/2026 22:53,	69889300,
4192b4cf-e028-46eb-a83e-1e87cd883b80	,vbms,	03/12/2026 16:48	,Complete,	03/12/2026 22:59,	69889229,
863be337-83fc-4c63-b83e-9e74c81ed435	,vbms,	03/12/2026 16:18	,Complete,	03/12/2026 21:26,	69886208,
b0db5a28-4098-4a45-9256-ec03cb804d2c	,vbms,	03/12/2026 15:52	,Complete,	03/12/2026 20:42,	69884595,
d8c9799f-ce78-477b-b604-44171d5a823b	,vbms,	03/12/2026 15:35	,Complete,	03/12/2026 21:02,	69882916,
2005d46a-3bbe-4e7a-8a3f-b2d7ecc3072d	,vbms,	03/12/2026 15:17	,Complete,	03/12/2026 21:23,	69881302,
91bac981-918e-4f53-890f-d7d9f56562f6	,vbms,	03/12/2026 15:00	,Complete,	03/12/2026 19:13,	69879712,
86034b47-008b-40dd-8722-4cac4223d416	,vbms,	03/12/2026 14:50	,Complete,	03/12/2026 18:56,	69879146,
6341f15b-cb8c-4587-8d50-aa8ac1d99341	,vbms,	03/12/2026 14:10	,Complete,	03/12/2026 18:37,	69877865,
7faf0a9f-b41e-4c76-b4dc-93d4cd0d9ad4	,vbms,	03/12/2026 14:06	,Complete,	03/12/2026 18:25,	69876408,
0fe2fe9d-16f5-4aa1-b33a-1462cd066d70	,vbms,	03/12/2026 13:27	,Complete,	03/12/2026 15:23,	69873029,
42474034-0bb0-4fbf-a951-38142bc97a04	,vbms,	03/12/2026 13:09	,Complete,	03/12/2026 16:40,	69871728,
978f645e-d5b4-48ae-980c-c0963be31e6e	,vbms,	03/12/2026 12:35	,Complete,	03/12/2026 16:02,	69868766,
c7d8e24e-60c3-4535-a977-45e504e7fdec	,vbms,	03/12/2026 12:15	,Complete,	03/12/2026 15:42,	69867445,
37865d55-17d9-4713-80b0-7baae70ed154	,vbms,	03/12/2026 12:12	,Complete,	03/12/2026 15:13,	69866791,
8da233e8-effd-46fd-9bf9-77396a4ddaa8	,vbms,	03/12/2026 12:09	,Complete,	03/12/2026 15:14,	69866627,
cfc4fd1b-1317-41cf-91cf-9886f8b65943	,vbms,	03/12/2026 12:09	,Complete,	03/12/2026 15:09,	69866442,
6b944eba-b656-49d5-8be6-1b8c806ddb7a	,vbms,	03/12/2026 12:04	,Complete,	03/12/2026 13:25,	69865691,
f6426fa9-4855-4eea-905f-31a3647ab4e0	,vbms,	03/12/2026 12:04	,Complete,	03/12/2026 15:42,	69865733,
12d787b1-49b9-4ee6-9722-0188df31a7a3	,vbms,	03/12/2026 12:01	,Complete,	03/12/2026 15:43,	69865477,
77b46a77-377c-45d7-9ae9-8990b7404207	,vbms,	03/12/2026 11:48	,Complete,	03/12/2026 14:42,	69864297,
2c6c55ae-d596-4526-9739-afd2894dd6a0	,vbms,	03/12/2026 11:11	,Complete,	03/12/2026 13:35,	69860317,
9fb2a9d9-cf7f-4aa3-9b85-a4c3b08b2714	,vbms,	03/12/2026 11:01	,Complete,	03/12/2026 14:19,	69859041,
83da1715-282a-4a65-9b70-0d4796368217	,vbms,	03/12/2026 8:55	,Complete,	03/12/2026 10:54	,69852010,
2196a28a-dbd6-4d88-b095-063237c2f493	,vbms,	03/12/2026 6:32	,Complete,	03/12/2026 10:08	,69850558,
908a2a06-b0c6-4fe7-a156-806ae33e6290	,vbms,	03/12/2026 5:56	,Complete,	03/12/2026 10:08	,69850475,
e6e90565-7c00-4c41-9d40-9eba05eb1c96	,vbms,	03/12/2026 3:04	,Complete,	03/12/2026 10:11	,69850229,
d4026c9d-d283-4826-ad4b-105ac36d65e1	,vbms,	03/12/2026 3:01	,Complete,	03/12/2026 10:07	,69850228,
fa2e9853-3239-4842-95a0-085756289d1d	,vbms,	03/12/2026 3:01	,Complete,	03/12/2026 10:11	,69850226,
c26563f5-a91e-49d1-ab15-743b0af5b525	,vbms,	03/12/2026 2:26	,Complete,	03/12/2026 10:00	,69850183,
b47358b8-0467-4739-98f2-8deaa1364bf7	,vbms,	03/12/2026 0:34	,Complete,	03/12/2026 11:28	,69849848,
f0652eae-dd16-4a9a-bd3c-9ed068724cce,vbms,03/13/2026 22:16,Complete,03/14/2026 9:07	,69932158,
2d4cf264-db21-489f-8b6f-b50e5c28b7b6,vbms,03/13/2026 21:50,Complete,03/14/2026 9:02	,69932036,
bb447320-8279-4fcb-b34a-df8bc6b1b5d3,vbms,03/13/2026 19:57,Complete,03/14/2026 8:44	,69931119,
79058a78-f9f0-41be-b884-79081bed46a9,vbms,03/13/2026 19:41,Complete,03/14/2026 8:33	,69930989,
f56c56fb-d9d8-4cdd-9ff9-deb0fccbe892,vbms,03/13/2026 19:30,Complete,03/14/2026 8:23	,69930878,
db1b8d80-643e-4bab-8916-827018d8d340,vbms,03/13/2026 18:14,Complete,03/13/2026 20:33,	69929420,
d5f1c159-60aa-4969-be7a-614351064afd,vbms,03/13/2026 17:30,Complete,03/13/2026 20:31,	69928496,
11c64d3d-7625-42f7-89c4-9f25f6286978,vbms,03/13/2026 17:11,Complete,03/13/2026 20:17,	69927798,
35fafa7f-4662-43ce-afaa-0c9a8c544bf8,vbms,03/13/2026 16:18,Complete,03/13/2026 19:23,	69925966,
aeb7b652-48bc-4103-a2ae-005d5fd1525c,vbms,03/13/2026 16:14,Complete,03/13/2026 19:22,	69925844,
d57073b8-ee52-4cd6-a3a6-fe0bc013c5cc,vbms,03/13/2026 15:48,Complete,03/13/2026 19:18,	69924704,
b0506188-58dc-4674-8c50-ca149a8910b0,vbms,03/13/2026 15:41,Complete,03/13/2026 19:02,	69924465,
e5790bba-7fd0-4ab5-9d70-85451a2cb226,vbms,03/13/2026 15:38,Complete,03/13/2026 18:43,	69924067,
ecb8233a-eb96-4bb7-95ef-e979f6059d70,vbms,03/13/2026 14:57,Complete,03/13/2026 19:07,	69922103,
ae86f5a3-ff33-4942-ae76-6a251152a0fb,vbms,03/13/2026 13:52,Complete,03/13/2026 17:23,	69918608,
828ab902-b91a-444a-aec6-6af48a69e592,vbms,03/13/2026 12:38,Complete,03/13/2026 16:37,	69914273,
9320ef29-6996-4135-ab45-65f355b3f2b5,vbms,03/13/2026 12:26,Complete,03/13/2026 16:02,	69913551,
fc8301ea-3c93-4400-a606-8a33c58e9ae9,vbms,03/13/2026 12:11,Complete,03/13/2026 15:39,	69911612,
d89760bf-c46d-4bd2-a48a-b6399fc2aa6c,vbms,03/13/2026 11:56,Complete,03/13/2026 15:13,	69910489,
465ae5e9-04be-4c53-82ab-2ebca76bf48e,vbms,03/13/2026 10:40,Complete,03/13/2026 12:57,	69903445,
236d89ab-eebc-4df0-926b-7708890b7f81,vbms,03/13/2026 10:13,Complete,03/13/2026 12:34,	69901946,
fe14e56b-97ff-4e59-8ad6-1aaefb433b92,vbms,03/13/2026 9:54,Complete,03/13/2026 12:12	,69900422,
800a80cc-0498-4726-8c6e-7ea5e3ff952b,vbms,03/13/2026 9:41,Complete,03/13/2026 11:52	,69899785,
0e90660b-a84d-4143-909a-d6057355295f,vbms,03/13/2026 9:24,Complete,03/13/2026 11:36	,69899022,
0a1dc285-7b32-4ae6-96ae-64b150a1af28,vbms,03/13/2026 8:14,Complete,03/13/2026 10:32	,69897051,
a0b21ec5-5297-4c02-8cf2-4312da9d69a1,vbms,03/13/2026 2:44,Complete,03/13/2026 9:32	,69895173,
144c72f4-abcf-474a-8892-e55bbde73ec3,vbms,03/13/2026 1:06,Complete,03/13/2026 9:23	,69894956,
88b07812-c99e-45f3-b11d-b73f742404ec,vbms,03/14/2026 23:49,Complete,03/16/2026 9:04	,69946137,
cda31c9c-ac09-4719-bc37-76b49c3d3a72,vbms,03/14/2026 23:48,Complete,03/16/2026 9:32	,69946166,
e4f5f485-cd6d-447f-8772-cde7e9480383,vbms,03/14/2026 23:48,Complete,03/16/2026 9:57	,69946164,
8595ec1a-6ce8-4ca6-9c92-76624bab98c6,vbms,03/14/2026 20:34,Complete,03/16/2026 8:59	,69945672,
bb691185-e765-4ebf-8f31-6f6529770dd5,vbms,03/14/2026 20:25,Complete,03/16/2026 8:32	,69944659,
9bc760e4-a7df-45a8-9731-4c63855dfe1c,vbms,03/14/2026 17:45,Complete,03/16/2026 8:16	,69944477,
fa9c2113-c767-4a3a-8acf-fbf588d16ede,vbms,03/14/2026 16:47,Complete,03/16/2026 8:06	,69944307,
2c4c742a-8f5d-46ae-819c-1889e22b08bc,vbms,03/14/2026 16:30,Complete,03/16/2026 8:02	,69944267,
d1ae49b7-bdd4-4871-809d-ac6eddc5608b,vbms,03/14/2026 13:45,Complete,03/14/2026 13:34,	69937669,
48821144-7e28-4d95-ac69-4f54f4a5b24b,vbms,03/14/2026 8:34,Complete,03/14/2026 9:33	,69933067,
7bfcd161-f28c-4ab6-ac18-b7a5a39756e9,vbms,03/14/2026 8:31,Complete,03/14/2026 9:36	,69933069,
10c14280-166b-4740-a50e-129d217fc670,vbms,03/14/2026 8:09,Complete,03/14/2026 9:33	,69933019,
970c6e99-fb3e-452a-8e4c-e05db9c54807,vbms,03/14/2026 5:31,Complete,03/14/2026 9:32	,69932848,
e832299e-e1ee-4dfc-9dd7-659e1ad4d5a3,vbms,03/14/2026 1:42,Complete,03/14/2026 9:20	,69932636,
401fa85e-1c6d-4377-83e8-deca17f8a154,vbms,03/14/2026 1:29,Complete,03/14/2026 9:21	,69932621,
4da3ef7f-ae03-4624-824b-2aa2bb21ad40,vbms,03/15/2026 22:52,Complete,03/16/2026 12:35,	69952361,
0f7359f6-ec96-40e9-b0e6-231becfea008,vbms,03/15/2026 22:09,Complete,03/16/2026 11:33,	69952202,
f34600fe-c852-4ba6-85d7-7403d7feb32d,vbms,03/15/2026 21:16,Complete,03/16/2026 11:29,	69951872,
57f21a09-424c-4ec0-9fdc-91913a63b919,vbms,03/15/2026 20:55,Complete,03/16/2026 11:05,	69951676,
567644a6-1625-4df7-8d78-70fef4543e94,vbms,03/15/2026 17:05,Complete,03/16/2026 10:27,	69950075,
2081fa0f-0c9a-470d-ac5d-cdb52ccafce9,vbms,03/15/2026 16:55,Complete,03/16/2026 11:06,	69950028,
504e7650-d423-44d5-a81d-47c8a9a7ede3,vbms,03/15/2026 16:27,Complete,03/16/2026 10:20,	69949382,
c584bdc9-1150-428b-8476-37e5c64ec432,vbms,03/15/2026 16:09,Complete,03/16/2026 10:46,	69949182,
ff8a0b35-e5a6-4357-87cd-4bd2e33dee03,vbms,03/15/2026 16:02,Complete,03/16/2026 10:19,	69949106,
33b66312-372a-43c5-aa56-19533148fded,vbms,03/15/2026 15:37,Complete,03/16/2026 10:26,	69948991,
5af9cafa-359e-429f-9d38-394f8c4816a0,vbms,03/15/2026 15:29,Complete,03/16/2026 10:43,	69948651,
981a3310-d4bd-4915-bfc1-0acf43b8ca58,vbms,03/15/2026 15:10,Complete,03/16/2026 10:28,	69948550,
dba63591-86f3-48da-aaed-8a2f7e478eb8,vbms,03/15/2026 14:59,Complete,03/16/2026 10:18,	69948486,
f532cd24-96d8-4ca2-b062-435a3293f839,vbms,03/15/2026 13:30,Complete,03/16/2026 10:06,	69947920,
308dc305-165f-4a74-a574-f9976f5f3587,vbms,03/15/2026 12:28,Complete,03/16/2026 9:48	,69947442,
ad0d9dd3-a85f-4b14-870b-518f2e60d922,vbms,03/15/2026 7:15,Complete,03/16/2026 9:37	,69946686,
b0b4876f-7273-4967-96de-694eed6a0152,vbms,03/15/2026 4:25,Complete,03/16/2026 9:32	,69946510,
6fef8f9c-bd09-4a31-baf7-81041e36f4e7,vbms,03/15/2026 1:14,Complete,03/16/2026 11:07	,69946647,
1c26b254-933c-4820-8883-46aeaabd740b,vbms,03/15/2026 1:00,Complete,03/16/2026 9:06	,69946220,
ce0345aa-ba95-44f6-8911-518241a52b5c,vbms,03/15/2026 0:52,Complete,03/16/2026 10:08	,69945814,
309f0d4a-3579-43b6-9a9a-40cd8f99525f,vbms,03/16/2026 3:33,Complete,03/16/2026 11:29,69953327,
0663d3d2-2c18-43a8-98a0-8854e7e41646,vbms,03/16/2026 6:29,Complete,03/16/2026 11:30,69953394,
fb0a1c24-3aa0-4d95-9bf4-89196e300a44,vbms,03/16/2026 7:32,Complete,03/16/2026 12:15,69953622,
cfc80742-919a-4db1-beab-0ec49c051606,vbms,03/16/2026 10:03,Complete,03/16/2026 12:36,69957801,
9d4ad2db-2288-45ce-8b19-f2d3ae625012,vbms,03/16/2026 12:33,Complete,03/16/2026 16:59,69965665,
db18bac0-22b6-4d61-adb1-3634cd88caf3,vbms,03/16/2026 12:57,Complete,03/16/2026 17:37,69966897,
78f9f116-cdfd-4dc8-8eb4-c11ac3c19edd,vbms,03/16/2026 13:04,Complete,03/16/2026 17:46,69967112,
7560399e-9b6f-4c01-b099-3e45da495d36,vbms,03/16/2026 13:38,Complete,03/16/2026 16:08,69969069,
e4dccbfe-69c4-491c-96b3-e408050c2a30,vbms,03/16/2026 13:42,Complete,03/16/2026 16:09,69969412,
72d986a7-ec4b-41ac-87a0-b4e9449577d1,vbms,03/16/2026 14:03,Complete,03/16/2026 18:56,69970712,
1aa569bc-bd08-4ae0-a18c-def56cc8a096,vbms,03/16/2026 14:08,Complete,03/16/2026 16:28,69970645,
f9702cb5-7021-4b0e-95c0-eea912b9fb48,vbms,03/16/2026 14:15,Complete,03/16/2026 16:59,69971404,
46d0be6b-15a6-4d71-b68b-2a4eaf3526e7,vbms,03/16/2026 14:16,Complete,03/16/2026 17:19,69971696,
96d2decf-0327-459e-bf67-128ac76602a6,vbms,03/16/2026 14:42,Complete,03/16/2026 17:32,69973216,
4ac2599d-c0dd-4b2c-9779-24380ccfd54b,vbms,03/16/2026 14:47,Complete,03/16/2026 17:28,69973452,
0d10b996-16ab-444d-9bc9-916ae17467b0,vbms,03/16/2026 14:49,Complete,03/16/2026 18:53,69973524,
f5c86edb-53d6-4f11-92dc-3de4266475c1,vbms,03/16/2026 15:06,Complete,03/16/2026 19:52,69975367,
47384f39-4aaf-406f-bc9a-682c9075db6b,vbms,03/16/2026 15:08,Complete,03/16/2026 20:07,69975460,
aeef879a-cfca-458a-9f5a-301ce3cb0535,vbms,03/16/2026 15:30,Complete,03/16/2026 20:37,69976701,
a68a0a27-f871-4f7b-acfe-7044394325af,vbms,03/16/2026 16:12,Complete,03/16/2026 20:22,69979926,
ea1dda33-ce5f-4d77-9514-c5c9b96f2e46,vbms,03/16/2026 16:15,Complete,03/16/2026 20:52,69980201,
da68233b-336d-416f-a05c-111f547d46fc,vbms,03/16/2026 16:21,Complete,03/16/2026 20:37,69981196,
d2601b60-b280-4961-acb5-f70d3afbeeb5,vbms,03/16/2026 16:28,Complete,03/16/2026 20:27,69981514,
6114dec3-61d8-4343-8980-5266f96ae128,vbms,03/16/2026 17:00,Complete,03/16/2026 19:36,69983273,
a688c8fc-de63-44d7-a61e-4e17c7c7d318,vbms,03/16/2026 17:03,Complete,03/16/2026 19:16,69983663,
4e795ad2-44c5-44c8-9ccd-55e1d52920ba,vbms,03/16/2026 17:15,Complete,03/16/2026 19:12,69984606,
1143e74e-7a88-40b8-a0b4-9d337f1dc05a,vbms,03/16/2026 17:32,Complete,03/16/2026 19:12,69984710,
0a2ab460-cfeb-4735-b3bc-67bdaeaec440,vbms,03/16/2026 17:42,Complete,03/16/2026 19:12,69985155,
9908a83c-12a1-45e4-99f5-91d0f3f4627e,vbms,03/16/2026 17:55,Complete,03/16/2026 19:02,69985830,
97ebf63c-c022-454f-93f6-922e3d27cbbf,vbms,03/16/2026 18:12,Complete,03/16/2026 23:08,69986274,
d1ef06f3-43c8-4517-abbd-058f7864f2e7,vbms,03/16/2026 18:22,Complete,03/16/2026 23:03,69986650,
264ed9bf-11ee-4fdc-9f34-ce61b7b42363,vbms,03/16/2026 19:44,Complete,03/17/2026 8:33,69988541,
c4aba360-35c2-42e8-a9b8-bb0e0bc0bf94,vbms,03/16/2026 20:05,Complete,03/17/2026 8:43,69988951,
8422942a-6349-4f36-8d72-9e7bed1de1b7,vbms,03/16/2026 20:17,Complete,03/17/2026 8:43,69988939,
f596cd35-1382-4fda-bb5c-f5bce14b2350,vbms,03/16/2026 21:08,Complete,03/17/2026 9:13,69989523,
b36a6744-5f38-4d93-aefc-f5c1c4362aa0,vbms,03/16/2026 21:41,Complete,03/17/2026 8:47,69989964,
2cc5436a-f316-4885-850b-d0e853804826,vbms,03/17/2026 0:53,Complete,03/17/2026 9:27,69991475,
b93641c0-421c-4a40-81b6-d70101baef48,vbms,03/17/2026 1:12,Complete,03/17/2026 9:14,69991523,
450145ed-ea97-45b5-a4b9-d1fb70971c4f,vbms,03/17/2026 1:27,Complete,03/17/2026 10:41,69992905,
bcc0627d-037f-4366-9388-e40f409a34f8,vbms,03/17/2026 1:38,Complete,03/17/2026 9:57,69992902,
b3250f87-8c7e-4412-be1e-23989926a0e0,vbms,03/17/2026 3:03,Complete,03/17/2026 9:48,69992526,
318a5604-0649-4186-aa15-3d54085939ee,vbms,03/17/2026 6:06,Complete,03/17/2026 9:57,69993614,
4c47b8f8-0a24-417b-9f06-0460164b62de,vbms,03/17/2026 8:25,Complete,03/17/2026 9:56,69993863,
2b24126f-6b05-47c4-8ab0-42358bffa088,vbms,03/17/2026 9:37,Complete,03/17/2026 10:28,69996053,
855ec244-142c-435c-b48d-fb9a8085457b,vbms,03/17/2026 10:36,Complete,03/17/2026 12:14,69999054,
3903fa21-2a9e-4311-8eec-2474b5abb62e,vbms,03/17/2026 10:40,Complete,03/17/2026 11:02,69999372,
f1054219-9942-401c-86cc-b60f3903cc03,vbms,03/17/2026 11:28,Complete,03/17/2026 12:25,70003688,
b5f2bdcd-b0aa-4c0e-8310-5704231017de,vbms,03/17/2026 11:34,Complete,03/17/2026 14:00,70004280,
f66d580e-9ea5-44e9-9e8b-a81a2685cab3,vbms,03/17/2026 11:44,Complete,03/17/2026 13:44,70005066,
e6b77280-2c53-4525-b0a8-38f5b1d54406,vbms,03/17/2026 11:46,Complete,03/17/2026 14:05,70005233,
462e0d92-79c0-40f2-9ddd-76df617faa0c,vbms,03/17/2026 11:53,Complete,03/17/2026 17:12,70005692,
5368b9b5-dc80-4793-b162-90d8763a2045,vbms,03/17/2026 11:58,Complete,03/17/2026 14:12,70005867,
3d4293b2-c7a0-4cb7-9a17-aba59b1dbfb9,vbms,03/17/2026 12:54,Complete,03/17/2026 16:01,70010314,
da2d1402-98af-49f0-bdca-4cec50e4f596,vbms,03/17/2026 13:02,Complete,03/17/2026 15:54,70010671,
452a1f38-01c0-4adc-be2c-beeec0ad3b51,vbms,03/17/2026 13:25,Complete,03/17/2026 16:21,70012512,
997af533-3da8-47ab-ba94-fe67eb466107,vbms,03/17/2026 13:30,Complete,03/17/2026 16:24,70012893,
b1271e3b-0ea7-4610-888d-95fc4895e571,vbms,03/17/2026 14:13,Complete,03/17/2026 16:48,70017509,
f1596a02-61fd-4569-84d9-eb69fa23dd5a,vbms,03/17/2026 14:39,Complete,03/17/2026 18:15,70020015,
4d347cef-22bc-4f2e-87d8-13148ae221b4,vbms,03/17/2026 14:56,Complete,03/17/2026 18:24,70021195,
e39dc029-6f0a-4baf-bc79-13ad4b16904b,vbms,03/17/2026 15:23,Complete,03/17/2026 18:04,70024346,
e7209348-8739-49d2-a07b-2c15e664be72,vbms,03/17/2026 16:52,Complete,03/17/2026 20:33,70033270,
cf854f13-a35d-4769-9fc2-01ee6d89708d,vbms,03/17/2026 17:25,Complete,03/17/2026 20:52,70032134,
b514f774-2bd0-47dc-b8e0-f9e84b3fdf52,vbms,03/17/2026 18:39,Complete,03/18/2026 7:56,70036042,
25aa2074-93d9-40c5-a504-905936ff38d5,vbms,03/17/2026 19:09,Complete,03/18/2026 8:28,70036620,
38869fe5-f376-4bde-8177-473a5e207957,vbms,03/17/2026 19:28,Complete,03/18/2026 8:33,70036969,
77dcd557-379c-4800-a7a7-df3b7f2b555f,vbms,03/17/2026 19:33,Complete,03/18/2026 8:47,70037030,
1dc65730-a5ee-4a8c-881c-476d02736450,vbms,03/17/2026 19:38,Complete,03/18/2026 8:52,70037065,
677c2bea-a9e0-4313-8041-04ebac4f54de,vbms,03/17/2026 20:16,Complete,03/18/2026 9:13,70037768,
f0896f9d-05d1-4d81-9639-99aff68c4b71,vbms,03/17/2026 20:25,Complete,03/18/2026 9:12,70037830,
6a259c60-022f-4ab2-93af-1ce2c62360aa,vbms,03/17/2026 21:32,Complete,03/18/2026 10:09,70039173,
9372b140-433b-415a-ba89-8dfbc3028841,vbms,03/17/2026 22:22,Complete,03/18/2026 11:00,70043106,
2a188746-1e58-4a73-8097-63b46465c667,vbms,03/18/2026 0:08,Complete,03/18/2026 10:12,70040369,
bbd13ef8-4e0d-484a-bff2-ca541869cc1d,vbms,03/18/2026 3:42,Complete,03/18/2026 10:26,70041835,
620cd980-f731-41c5-9227-ccec59b5047d,vbms,03/18/2026 7:02,Complete,03/18/2026 10:39,70042799,
e2cd93b0-1792-486a-bb65-e6846431619c,vbms,03/18/2026 7:24,Complete,03/18/2026 10:50,70042963,
12725c38-3094-4a77-a828-27c3ff290e26,vbms,03/18/2026 10:18,Complete,03/18/2026 12:09,70048800,
d2e74292-d0cc-425a-89e9-c7b2c3b7e41f,vbms,03/18/2026 10:56,Complete,03/18/2026 13:08,70050759,
73983859-0551-4c96-ab6d-d212b4246fe5,vbms,03/18/2026 11:30,Complete,03/18/2026 16:12,70053125,
318c4152-c9cd-44ce-b536-8dac612d34d9,vbms,03/18/2026 11:41,Complete,03/18/2026 14:10,70053930,
880a8089-95cc-4c19-88b8-64f58ec6884f,vbms,03/18/2026 11:52,Complete,03/18/2026 14:11,70054441,
0ff624c8-ba45-4de0-aba8-40a62b6445b3,vbms,03/18/2026 12:29,Complete,03/18/2026 16:12,70057432,
16237ad1-16e4-4559-ae5f-30c68765fcc9,vbms,03/18/2026 13:01,Complete,03/18/2026 16:21,70059820,
02ee0f59-53f0-4018-9f96-fc877443b9ce,vbms,03/18/2026 14:32,Complete,03/18/2026 17:33,70066313,
7cb1113f-7c6c-48fd-a93c-81db4cfdc3a2,vbms,03/18/2026 14:47,Complete,03/18/2026 17:37,70067112,
dfcf1298-668f-4685-b74b-d7c067d674cf,vbms,03/18/2026 15:22,Complete,03/18/2026 19:10,70069671,
933f6181-7085-4490-bbc2-5996db003cd5,vbms,03/18/2026 15:38,Complete,03/19/2026 0:17,70070773,
334eaf12-2743-4e79-ae38-b5a634d1d57b,vbms,03/18/2026 15:57,Complete,03/19/2026 0:20,70071864,
bc83ad56-b70e-4b5a-aed3-ca591a87315e,vbms,03/18/2026 16:08,Complete,03/19/2026 0:31,70072215,
42583d35-08cb-4a62-b1bc-4a0e4bc05c4f,vbms,03/18/2026 16:19,Complete,03/19/2026 0:47,70073244,
52049445-2112-4ee1-ba58-face538cf349,vbms,03/18/2026 16:37,Complete,03/19/2026 0:22,70075032,
8e74d0ff-7b40-4040-9fa0-b373f2d4b361,vbms,03/18/2026 16:45,Complete,03/19/2026 0:24,70075354,
4a4d9ab6-b876-450d-ab51-1fc79cbf8e64,vbms,03/18/2026 17:16,Complete,03/19/2026 0:48,70076141,
0acd2228-0357-4ecc-badc-9880507b7835,vbms,03/18/2026 17:19,Complete,03/19/2026 0:47,70076066,
cab5471a-e860-4fa2-96af-6638c0e58dcd,vbms,03/18/2026 17:33,Complete,03/19/2026 0:30,70076565,
23e1deac-2d87-4d73-9ebc-f2d890073721,vbms,03/18/2026 18:04,Complete,03/19/2026 0:33,70076918,
143368b9-06ab-4c5d-92ce-a65ebf25288b,vbms,03/18/2026 18:10,Complete,03/19/2026 0:40,70077600,
e1e46e5d-9e4f-423f-94e6-1e4a9702ec01,vbms,03/18/2026 18:37,Complete,03/19/2026 2:54,70078050,
1c7b43b0-86ae-4e23-897e-521a94dba534,vbms,03/18/2026 19:37,Complete,03/19/2026 7:56,70079573,
367da1f1-51ac-4174-b871-3b26c13ef425,vbms,03/18/2026 19:58,Complete,03/19/2026 8:16,70079867,
f52d5e06-8a65-4884-82bf-6ac87f2ec4a7,vbms,03/18/2026 19:59,Complete,03/19/2026 8:32,70079905,
926d779a-1928-4fb9-8938-1d682ba0bd9a,vbms,03/18/2026 20:03,Complete,03/19/2026 8:16,70079945,
4deb0bd3-032b-4fbc-a0ba-def1402d48ab,vbms,03/18/2026 20:16,Complete,03/19/2026 8:56,70080105,
6ed35878-fff1-4890-b76b-336fda1614b2,vbms,03/18/2026 20:52,Complete,03/19/2026 9:02,70081142,
9377daca-4c86-4471-a10d-43109ff0588e,vbms,03/18/2026 21:02,Complete,03/19/2026 9:08,70081205,
cbb24bb6-b127-444a-b2b6-a3bd5a3d06cc,vbms,03/18/2026 21:20,Complete,03/19/2026 9:26,70081984,
69eee8fb-7e8e-4d82-bfa3-332e5fb10483,vbms,03/18/2026 22:21,Complete,03/19/2026 9:07,70080866,
4dbf06da-fd58-466c-ba6e-4c5d2ef34e63,vbms,03/18/2026 22:48,Complete,03/19/2026 9:07,70081351,
0575fe26-6518-4e30-9812-181aa1cbcf56,vbms,03/18/2026 23:04,Complete,03/19/2026 9:27,70081822,
b92b8f90-d6f9-44b7-8e65-c82af746a506,vbms,03/18/2026 23:58,Complete,03/19/2026 9:22,70080887,
a2dabd52-7b64-479b-b6d3-772cb48afdcb,vbms,03/19/2026 0:12,Complete,03/19/2026 9:08,70081973,
f1410840-f394-46f5-95ba-1118d59caac0,vbms,03/19/2026 2:27,Complete,03/19/2026 9:23,70082219,
289cf286-87e8-4f21-ba0b-d60b71f9b0fd,vbms,03/19/2026 2:50,Complete,03/19/2026 9:27,70082257,
af7e5c50-e459-4be7-a015-767667165da2,vbms,03/19/2026 4:59,Complete,03/19/2026 9:37,70082820,
8e01d356-4a04-4785-8f47-6d9f5712eed3,vbms,03/19/2026 10:21,Complete,03/19/2026 12:09,70088352,
a9b0577d-f14e-4d36-9669-78d0c2ce0a89,vbms,03/19/2026 10:50,Complete,03/19/2026 12:22,70090801,
6d7e47a3-aecb-47de-8a1b-c9e3df6ecd80,vbms,03/19/2026 10:58,Complete,03/19/2026 13:11,70091128,
a5ece328-8345-49d5-a8b3-725b70929b5a,vbms,03/19/2026 11:57,Complete,03/19/2026 14:18,70095944,
c80f0658-d5e7-4ee4-9a6f-dd73718882dc,vbms,03/19/2026 12:36,Complete,03/19/2026 14:44,70099945,
7b228444-0761-4e13-9431-8a946585e606,vbms,03/19/2026 13:49,Complete,03/19/2026 16:36,70105790,
fc4569ab-4f3d-4fcb-96ae-37aad9cead98,vbms,03/19/2026 13:55,Complete,03/19/2026 16:30,70105982,
d070f67f-6bf8-4e00-b43d-c026e885b193,vbms,03/19/2026 14:32,Complete,03/19/2026 16:14,70109761,
ae2080b8-435e-4b3c-944e-3a0451525a3e,vbms,03/19/2026 14:43,Complete,03/19/2026 16:19,70109733,
f0bb8648-573a-4dd0-8e69-c13232f81e05,vbms,03/19/2026 15:00,Complete,03/19/2026 17:46,70111834,
98be24ef-0856-4d70-9894-401e986e292a,vbms,03/19/2026 16:43,Complete,03/19/2026 20:00,70120423,
26caacbb-87ae-47cb-88d8-d5438772419a,vbms,03/19/2026 17:16,Complete,03/19/2026 19:30,70122017,
3bfc7808-4be7-4386-bc51-eab4bf160595,vbms,03/19/2026 18:16,Complete,03/19/2026 21:33,70123537,
74e5948c-a366-4691-83c8-a1dbe8802aec,vbms,03/19/2026 18:44,Complete,03/20/2026 7:37,70124703,
029ddaa6-10b6-49ac-9c45-585a062fd294,vbms,03/19/2026 19:31,Complete,03/20/2026 8:17,70125341,
d39626d3-6b55-4ff0-aa18-64ab3216442a,vbms,03/19/2026 20:13,Complete,03/20/2026 8:47,70125781,
0bfd1a3e-288c-4d8a-bd85-8b1f2c187d18,vbms,03/19/2026 21:43,Complete,03/20/2026 9:08,70126740,
8bd23242-ae69-4d76-a05a-1b6281b1ef3c,vbms,03/19/2026 22:53,Complete,03/20/2026 11:50,70128049,
55ee8fde-c7b1-4046-a455-b9e0c19c84ba,vbms,03/19/2026 23:50,Complete,03/20/2026 9:22,70127902,
df395d86-ebc0-4171-8610-bb198554bce8,vbms,03/20/2026 0:30,Complete,03/20/2026 9:29,70128133,
c61ac2cd-52c7-45af-98c9-87e245a9c1a9,vbms,03/20/2026 3:37,Complete,03/20/2026 9:35,70128365,
55817f8a-bcfe-4e70-a056-665ddcb561e4,vbms,03/20/2026 11:39,Complete,03/20/2026 13:07,70136671,
89f2c20f-bd08-4840-879e-e7629d15fd7f,vbms,03/20/2026 13:10,Complete,03/20/2026 16:38,70148183,
73243190-e574-4565-842f-ed32581ad35d,vbms,03/20/2026 13:22,Complete,03/20/2026 15:59,70147632,
f0c25bfe-91d1-4563-9a8e-986ffed1932f,vbms,03/20/2026 14:30,Complete,03/20/2026 15:49,70151630,
2dc28236-dc5b-455b-9f39-63d2df6768f4,vbms,03/20/2026 15:42,Complete,03/20/2026 17:49,70158136,
4aaf64d0-5d11-40cc-9b32-b5a59af317f4,vbms,03/20/2026 16:15,Complete,03/20/2026 19:11,70159909,
0a6ece4b-fa10-4227-b984-47b5b11a62af,vbms,03/20/2026 16:21,Complete,03/20/2026 19:17,70160434,
afb53665-c0b7-47ea-a78f-2dd17c7edbc0,vbms,03/20/2026 17:26,Complete,03/20/2026 20:02,70163065,
958cf8d3-1f26-4042-9027-76964f5e6b5b,vbms,03/20/2026 17:58,Complete,03/20/2026 19:31,70163585,
13cce77b-a67d-464e-9af3-7eafc1fe0226,vbms,03/20/2026 18:40,Complete,03/20/2026 19:12,70164382,
a2d4f5b9-4720-41f0-91d6-acb0441a80cf,vbms,03/20/2026 18:50,Complete,03/20/2026 20:58,70164515,
42f4caf3-fff2-49bc-b23e-50d3d2b022bc,vbms,03/20/2026 19:51,Complete,03/21/2026 9:16,70165584,
b93f0275-c17b-4b97-8e92-04ff7bba7847,vbms,03/20/2026 20:18,Complete,03/21/2026 9:43,70166090,
25dedd13-b9dd-4ed5-b163-64b41077d133,vbms,03/20/2026 20:57,Complete,03/21/2026 10:03,70166244,
a822a15e-c1c3-4d77-95d9-ce6159331d04,vbms,03/21/2026 11:21,Complete,03/21/2026 12:58,70172374,
1902d8ce-eafa-43f4-a0d6-543cf3ba680f,vbms,03/21/2026 11:41,Complete,03/21/2026 13:18,70172504,
eeb13542-5352-49d6-a697-06cff037af6c,vbms,03/21/2026 13:36,Complete,03/22/2026 16:06,70174201,
c5d429aa-cd79-43a8-a0c0-482bd560624c,vbms,03/21/2026 15:58,Complete,03/23/2026 6:52,70177281,
9f1ac872-2f0b-4a64-8719-7e60511f38c4,vbms,03/21/2026 17:06,Complete,03/23/2026 7:57,70177591,
adff5574-e62c-426d-bdc9-bf89fee836f8,vbms,03/21/2026 17:34,Complete,03/23/2026 7:21,70177700,
5f4b6bd1-5d08-44d7-8087-2c89f876877c,vbms,03/21/2026 17:51,Complete,03/23/2026 7:03,70177698,
641bf2fa-7179-4c80-afe0-2ffe1b16d6c1,vbms,03/21/2026 18:34,Complete,03/23/2026 7:22,70177764,
5c04d44a-f765-43fb-b281-947d88eb1ccd,vbms,03/21/2026 19:40,Complete,03/23/2026 7:21,70178095,
34336e4d-b0a1-45c1-a5fb-9d3344c60f2a,vbms,03/21/2026 20:29,Complete,03/23/2026 7:21,70178116,
6bbf55c0-3ee9-46ea-bfe9-763ed5bdd445,vbms,03/21/2026 21:15,Complete,03/23/2026 7:22,70178230,
e8b3f08d-021b-407a-9cb4-5a183496b009,vbms,03/21/2026 22:46,Complete,03/23/2026 7:47,70178823,
c1a6bf42-e31b-4518-b796-fdfbfbcaa8fa,vbms,03/22/2026 2:09,Complete,03/23/2026 8:23,70179573,
02d4a91d-cee0-4396-99d2-cb3547ef6972,vbms,03/22/2026 2:11,Complete,03/23/2026 8:13,70179577,
2c36209b-6a08-4705-a95b-3a73b8700c67,vbms,03/22/2026 3:30,Complete,03/23/2026 8:14,70179671,
f919109b-3171-4a69-913b-6ea678ce0cf2,vbms,03/22/2026 8:18,Complete,03/23/2026 8:48,70180985,
8f0663a8-6035-4595-92b5-f8713a14bc16,vbms,03/22/2026 12:21,Complete,03/23/2026 8:48,70180612,
cc8f856d-f3d2-4c4d-86b5-d26516ec0887,vbms,03/22/2026 13:57,Complete,03/23/2026 12:27,70181145,
9159df68-3c48-4bb3-9442-a33158fd7ea9,vbms,03/22/2026 14:03,Complete,03/23/2026 8:48,70181260,
1844294a-a19e-463c-9d97-a5684ef62d1a,vbms,03/22/2026 14:48,Complete,03/23/2026 8:53,70181522,
3cb73f10-17f9-471a-a7d4-d3d680677730,vbms,03/22/2026 14:52,Complete,03/23/2026 8:53,70181523,
d2c7a598-257e-42df-9237-68104579fd12,vbms,03/22/2026 14:59,Complete,03/23/2026 9:03,70181588,
6172977a-3a24-4c1c-b1eb-98becb9d5fb1,vbms,03/22/2026 15:29,Complete,03/23/2026 9:38,70182401,
43cffef5-5ed0-4f28-8eb0-5582eba2daf9,vbms,03/22/2026 16:22,Complete,03/23/2026 9:28,70182088,
f92a4210-1c03-425e-91eb-bff4ef831a0f,vbms,03/22/2026 17:05,Complete,03/23/2026 9:07,70182315,
a36200e7-947e-4bcc-bbaf-cdb0407a39d3,vbms,03/22/2026 18:57,Complete,03/23/2026 9:44,70183073,
db66dfa6-d4bb-4a7d-a461-907ba4cf7876,vbms,03/22/2026 19:58,Complete,03/23/2026 9:23,70183439,
098897ef-154f-4834-aa3d-420c6b453065,Success,03/22/2026 22:35,TBD - checking,,,
b3ac3c1f-2901-4f9e-b827-65aa12eedd39,vbms,03/23/2026 5:23,Complete,03/23/2026 10:08,70185133,
cbd4a285-c7c4-486b-a6ed-fc948eb8797d,vbms,03/23/2026 8:33,Complete,03/23/2026 10:09,70186120,
b7b53d57-0867-4b66-b546-c896e21d7a36,vbms,03/23/2026 9:20,Complete,03/23/2026 10:30,70187148,
323039b9-d14c-4aa0-a279-a443e437a6f1,vbms,03/23/2026 10:00,Complete,03/23/2026 9:58,70185036,
1deffafb-cb24-4628-9dbb-eef775417f72,vbms,03/23/2026 10:39,Complete,03/23/2026 11:54,70192686,
ff42e0b2-d020-4e35-a34c-7dfeee9d64ce,vbms,03/23/2026 10:40,Complete,03/23/2026 12:29,70192794,
5567fb58-141b-4ba5-ad64-6f0131ad83a0,vbms,03/23/2026 11:05,Complete,03/23/2026 12:32,70195095,
48d86ae9-1b58-415d-9493-9b8c50186d60,vbms,03/23/2026 11:09,Complete,03/23/2026 13:54,70195325,
ea463e4b-bb33-4c0e-beb0-6a364ff78809,vbms,03/23/2026 12:38,Complete,03/23/2026 16:33,70202502,
822d20d2-3724-40c1-aeac-bb81c3af3ad5,vbms,03/23/2026 12:50,Complete,03/23/2026 16:14,70203590,
85739689-a26f-42bb-a248-3afaba41c69a,vbms,03/23/2026 12:58,Complete,03/23/2026 15:39,70203928,
ce364eda-8d77-4c94-ae62-f0f93985a50a,vbms,03/23/2026 13:30,Complete,03/23/2026 15:27,70206245,
c7981198-e2bd-4773-a6c7-320d381576a3,vbms,03/23/2026 13:52,Complete,03/23/2026 16:33,70208034,
d8d16df7-4533-41c5-befb-87b1e2f2a344,vbms,03/23/2026 13:53,Complete,03/23/2026 16:19,70208204,
98641f27-67cc-4973-8683-1b99afa2eaa5,vbms,03/23/2026 14:03,Complete,03/23/2026 16:08,70208873,
103c5e4f-fc19-4734-9f03-754b42e98a9f,vbms,03/23/2026 14:05,Complete,03/23/2026 15:18,70209207,
557a6927-6f54-4d0a-b0a7-4947ad418221,vbms,03/23/2026 14:12,Complete,03/23/2026 18:18,70210262,
24eee110-eef4-4d01-b0cf-c48dbba0064b,vbms,03/23/2026 14:18,Complete,03/23/2026 18:22,70211458,
f1c560a5-16d3-4c24-9b6e-7626871afac5,vbms,03/23/2026 14:37,Complete,03/23/2026 18:30,70213105,
69215e16-acf5-4b39-b2be-df7a746bb298,vbms,03/23/2026 16:19,Complete,03/23/2026 20:39,70223057,
953f1a3d-1d4c-4621-a61a-4d64e0d390fa,vbms,03/23/2026 16:27,Complete,03/23/2026 20:35,70223438,
e2013aa7-2645-4be6-9f30-ba462dc82b05,vbms,03/23/2026 16:39,Complete,03/23/2026 20:35,70224005,
29e1f6ed-d3de-4f40-bdb2-c00004e1ae28,vbms,03/23/2026 16:44,Complete,03/23/2026 20:58,70224338,
1f2e12d3-0a24-4808-b364-e5783c2322d0,vbms,03/23/2026 16:44,Complete,03/23/2026 21:16,70224852,
511c4e2d-ac18-4c37-94fa-bcf5438e0234,vbms,03/23/2026 16:49,Complete,03/23/2026 21:49,70225197,
0db2c6b2-5fde-4f08-bd65-787cd0c8be6d,vbms,03/23/2026 16:56,Complete,03/23/2026 21:23,70225101,
865f5bc6-99a6-4a16-beed-466993baf735,vbms,03/23/2026 17:08,Complete,03/23/2026 22:07,70225697,
29aad114-abc1-45b4-bec0-c2ec4a2b3a45,vbms,03/23/2026 17:57,Complete,03/23/2026 22:58,70231052,
0e382896-cf47-4f0a-bd9a-de0a669c9331,vbms,03/23/2026 18:01,Complete,03/23/2026 22:52,70231270,
343d6680-5998-40e9-8917-6ef3228aa898,vbms,03/23/2026 18:30,Complete,03/23/2026 23:11,70231418,
0239ea7a-31f5-479c-bf77-74f115018f46,vbms,03/23/2026 18:48,Complete,03/23/2026 23:13,70232349,
079bdd2b-83b6-4655-8fae-9f1c170bf014,vbms,03/23/2026 19:38,Complete,03/23/2026 23:37,70233635,
328fb0a5-1292-421b-a336-1502a563c673,vbms,03/23/2026 20:19,Complete,03/23/2026 23:12,70235242,
e71da513-9368-41ef-bd1b-2dd121799432,vbms,03/23/2026 20:23,Complete,03/23/2026 23:24,70235354,
b53da9e1-7bae-41d2-8941-773e7284c052,vbms,03/23/2026 22:48,Complete,03/24/2026 7:49,70237243,
86353965-cf09-4f66-a1e7-8918a77b2e70,vbms,03/24/2026 22:37,Complete,03/25/2026 9:29,70283793,
905e2035-ff85-4105-871a-606c4ec389ac,vbms,03/24/2026 18:14,Complete,03/24/2026 20:42,70280198,
a2d62508-299b-449d-9c5b-1f8714c0c871,vbms,03/24/2026 17:43,Complete,03/24/2026 19:28,70278855,
21b2f3cd-a38b-4932-b569-2da1585444c6,vbms,03/24/2026 17:40,Complete,03/24/2026 19:12,70279326,
588a98ff-c9bc-49e4-b6e0-e5e972df205b,vbms,03/24/2026 17:05,Complete,03/25/2026 8:45,70278595,70278606 - two packets because of a non-uploadable doc type
8b8b550c-2a26-452a-be6e-e3cd291510a9,vbms,03/24/2026 15:52,Complete,03/24/2026 19:52,70274092,
f362b358-0247-440b-8c60-d379a6250d9f,vbms,03/24/2026 15:40,Complete,03/24/2026 19:38,70273103,
1b366f17-118f-460e-88f1-532958d4c012,vbms,03/24/2026 15:20,Complete,03/24/2026 18:40,70271825,
a08b6f7e-497b-4d96-8569-a92a9155130c,vbms,03/24/2026 15:17,Complete,03/24/2026 18:41,70271590,
1b699c74-2da3-4c77-a5ab-c86fe7b4b23b,vbms,03/24/2026 14:36,Complete,03/24/2026 16:19,70267658,
71aed5ef-52df-4296-a1d1-b1cbed065580,vbms,03/24/2026 13:43,Complete,03/24/2026 16:36,70262984,
8368abb9-7016-4b39-b080-ee26af27c34f,vbms,03/24/2026 13:24,Complete,03/24/2026 16:43,70261622,
5247c6cd-924c-4fc3-bd95-cafa9e28136b,vbms,03/24/2026 12:56,Complete,03/24/2026 14:25,70259329,
c1a09eaf-bb22-4acf-8316-0b28a92a119a,vbms,03/24/2026 11:57,Complete,03/24/2026 14:08,70254374,
481667ad-5b5e-4b64-a2a0-ef2a2d8f4902,vbms,03/24/2026 11:44,Complete,03/24/2026 13:21,70253251,
9b3c815e-9d22-4482-a4db-cc0d4e236f42,vbms,03/24/2026 11:30,Complete,03/24/2026 13:08,70252484,
cbcc3f03-acd1-4bb5-9b35-16a7ff27fdab,vbms,03/24/2026 11:26,Complete,03/24/2026 13:08,70251798,
1dacf8a6-bba9-48f3-9f1e-7d668705a0b3,vbms,03/24/2026 10:45,Complete,03/24/2026 14:21,70248548,
f09c5192-be5b-4108-a595-b4140be71c7e,vbms,03/24/2026 10:13,Complete,03/24/2026 11:28,70246871,
c19c8e20-82b5-47f8-8ae2-a94dd98bddfa,vbms,03/24/2026 9:48,Complete,03/24/2026 11:09,70244833,
5485561e-b3a1-4647-ba8f-2e40329d6577,vbms,03/24/2026 5:20,Complete,03/24/2026 9:13,70239666,
54751819-4f7f-4ed3-9fa2-c77082b953d2,vbms,03/24/2026 4:23,Complete,03/24/2026 9:08,70239432,
fd0f70db-efa0-4b3e-a260-794e7e3e0c1b,vbms,03/24/2026 1:40,Complete,03/24/2026 8:56,70238947,
df227461-1e95-48ef-8298-dacfdd054196,vbms,03/24/2026 0:17,Complete,03/24/2026 9:00,70237882,
8b912e83-ceab-4d54-80fb-cc6c2d62f253,vbms,03/24/2026 0:07,Complete,03/24/2026 8:16,70237751,
20cabc35-c6c3-4f1b-a94d-60625253b257,Success,03/25/2026 1:33, Complete,03/25/2026 9:43,70284669,
3662b926-460b-4407-9096-69f58cd1301e,Success,03/25/2026 8:25, Complete,03/25/2026 10:28,70286431,
413e3eb3-6403-42bc-bb00-df30f5b00398,Success,03/25/2026 10:26,Complete ,03/25/2026 12:03,70291254,
9ccbbc1b-b1e7-4e37-b0bb-62596ce31afd,Success,03/25/2026 10:35,Complete ,03/25/2026 12:07,70290890,
bd20fa42-3776-4977-8868-98caea0f3e85,Success,03/25/2026 10:48,Complete ,03/25/2026 12:04,70292129,
65d042b4-f321-46e9-a432-2d0570d27868,Success,03/25/2026 12:07,Complete ,03/25/2026 14:13,70297798,
ebaf0728-435a-449f-abe5-6903ebb648cd,Success,03/25/2026 12:47,Complete ,03/25/2026 14:24,70300359,
9c2c9b2e-b667-431b-a963-b98d1e4e7acb,Success,03/25/2026 12:55,Complete ,03/25/2026 14:36,70300868,
c87e4aae-333a-46d8-8cd2-4dc6f7b1df42,Success,03/25/2026 13:01,Complete ,03/25/2026 14:35,70301203,
13c5f123-aa5d-4343-ac6a-d5a9dbb43025,Success,03/25/2026 13:52,Complete ,03/25/2026 15:58,70304554,
f61bd001-ca29-402b-9417-02f04122fe5b,Success,03/25/2026 14:16,Complete ,03/25/2026 16:01,70306387,
69bb464a-b94b-40e4-8c52-60d381f39f1c,Success,03/25/2026 14:27,Complete ,03/25/2026 16:38,70306666,
b9e21cea-fbda-46ae-af17-2e0fbb0a2378,Success,03/25/2026 14:29,Complete ,03/25/2026 16:54,70307283,
0c662db1-4b5a-46ea-931b-5dab109b68ba,Success,03/25/2026 14:56,Complete ,03/25/2026 16:58,70307953,
e680b090-9d2b-4379-983e-da59c3991695,Success,03/25/2026 15:07,Complete ,03/25/2026 16:44,70309005,
75d4ddaa-277d-4054-a398-21e7a66bc1a8,Success,03/25/2026 16:25,Complete ,03/25/2026 18:34,70314395,
ac32f7d5-1e29-4014-94b0-d227dcc82fe2,Success,03/25/2026 17:30,Complete ,03/25/2026 20:39,70317578,
c46fabfe-1ac5-47be-9221-9377df81ec11,Success,03/25/2026 17:36,Complete ,03/25/2026 20:39,70317741,
83f71527-63c5-4efb-8f97-303f3bc27340,Success,03/25/2026 19:32,Complete ,03/26/2026 7:37,70320249,
ca8609f8-38b9-4d3c-ab6e-dc25ef1e0f4a,Success,03/25/2026 21:16,Complete ,03/26/2026 8:38,70321373,
600f75fa-72a8-4ccf-bd61-f9c78d6eeca5,Success,03/25/2026 21:28,Complete ,03/26/2026 8:27,70321441,
2c940eed-f58f-4c8d-974d-831e2d134986,Success,03/25/2026 22:23,Complete ,03/26/2026 8:43,70321795,
e5fed1b3-c541-4de7-bce7-ea38682c9797,vbms,03/26/2026 0:45,Complete,03/26/2026 8:56,70322559,
8c1044d2-bc62-4f57-aa48-52b8654a1e80,vbms,03/26/2026 2:05,Complete,03/26/2026 8:58,70322752,
498558df-4344-4d2e-9073-ead8fa2ea127,vbms,03/26/2026 2:09,Complete,03/26/2026 9:14,70322861,
a31727e3-6f32-4977-a69e-347cd4d7622a,vbms,03/26/2026 6:32,Complete,03/26/2026 9:14,70323084,
98ae857a-6e0d-4558-9ab1-5a2659199296,vbms,03/26/2026 8:56,Complete,03/26/2026 10:00,70325676,
2300e6d4-17ba-46b4-83f9-19775cfa9b14,vbms,03/26/2026 9:34,Complete,03/26/2026 10:24,70327039,
844d2054-3fb5-4fc9-9e0a-c32efe598cf2,vbms,03/26/2026 10:11,Complete,03/26/2026 11:23,70328788,
d3698970-f54c-4fe8-8001-388b23ec1eb9,vbms,03/26/2026 11:00,Complete,03/26/2026 12:39,70333524,
7bd50286-2099-47fa-8e25-d3ab43a3aa7c,vbms,03/26/2026 11:35,Complete,03/26/2026 13:23,70337016,
2794797a-045b-452a-b206-fc991727d417,vbms,03/26/2026 11:38,Complete,03/26/2026 13:18,70337305,
ea75fe33-7308-412e-99d3-6df1f83c194b,vbms,03/26/2026 12:30,Complete,03/26/2026 14:37,70339902,
7cd52cb3-9ff0-4499-8c66-910765da8d31,vbms,03/26/2026 12:33,Complete,03/26/2026 14:18,70340178,
8e45a5d4-dfbd-4942-90ef-8b78e6db2bf2,vbms,03/26/2026 12:47,Complete,03/26/2026 14:44,70342322,
806587d0-d0ae-4d6a-89e6-84b3e599554b,vbms,03/26/2026 12:59,Complete,03/26/2026 14:58,70342497,
302172b1-01a6-4834-9056-20f1ef584bde,vbms,03/26/2026 13:35,Complete,03/26/2026 16:32,70346149,
61a2ca8e-2b03-457c-9fa6-051c095381ab,vbms,03/26/2026 14:51,Complete,03/26/2026 17:34,70352866,
5bff0808-dd45-494c-a1b6-5057989cfa34,vbms,03/26/2026 16:14,Complete,03/26/2026 19:09,70358018,
b0f59db1-ab4a-4ffc-9713-070a15c9d083,vbms,03/26/2026 16:25,Complete,03/26/2026 18:32,70358229,
77f0bb29-3b1d-4369-b828-2ec4b7019422,vbms,03/26/2026 17:07,Complete,03/26/2026 19:29,70360486,
787ff63f-8b7e-4a99-a6b8-a6ab7cdb18dc,vbms,03/26/2026 18:22,Complete,03/26/2026 20:03,70362105,
d918ab65-4002-491f-899f-c4fb807fd5a6,vbms,03/26/2026 18:28,Complete,03/27/2026 7:37,70362429,
494e2eac-d1bb-4d51-ab6d-d2afbd593188,vbms,03/26/2026 19:28,Complete,03/27/2026 9:00,70364068,
420dbd15-703e-4919-bce9-345502cb11c8,vbms,03/26/2026 20:18,Complete,03/27/2026 9:07,70364611,
37142ab9-a41f-4d89-b691-532c6738a7e0,vbms,03/26/2026 20:24,Complete,03/27/2026 9:09,70364623,
793fa428-cd8c-41e5-9332-3b40aa46892a,vbms,03/26/2026 22:01,Complete,03/27/2026 9:09,70364623,
9f539c62-857b-4f14-984a-9ae5f1e4c57a,vbms,03/26/2026 22:13,Complete,03/27/2026 9:39,70365759,
4a86b81c-a57d-494d-b6a3-75a8fbdf9e04,vbms,03/26/2026 22:42,Complete,03/27/2026 10:14,70366440,
d9a2a644-68a9-4578-8a50-cff74af50d2b,vbms,03/26/2026 23:13,Complete,03/27/2026 9:53,70366311,
c2a7f68f-2cd7-49fc-b965-605a0ff3c907,vbms,03/27/2026 14:36,Complete,03/27/2026 17:07,70392630,
a2bc06a0-7a7f-4f61-8cff-e025d7efe52f,vbms,03/27/2026 14:10,Complete,03/27/2026 16:58,70391540,
4cdc40ed-00e2-47bf-b6f8-3a2d98181b7c,vbms,03/27/2026 12:14,Complete,03/27/2026 14:33,70382017,
729f05e7-20f4-4c68-94af-c0f0dbe92141,vbms,03/27/2026 11:55,Complete,03/27/2026 14:29,70382865,
ca9699b3-f081-4936-9e33-524001ec84f5,vbms,03/27/2026 11:53,Complete,03/27/2026 14:17,70382620,
059167b3-1889-4522-8232-b8c00235da35,vbms,03/27/2026 11:46,Complete,03/27/2026 15:14,70383204,
bc356e21-a2ad-4595-9ce8-422299a61fda,vbms,03/27/2026 11:36,Complete,03/27/2026 13:47,70380667,
7b0ed257-287b-4923-b3eb-2ad6c1f79542,vbms,03/27/2026 11:29,Complete,03/27/2026 13:53,70379710,
f7e9289f-c985-4fde-bb26-98d871262c66,vbms,03/27/2026 9:54,Complete,03/27/2026 11:56,70372423,
24e4a768-7b57-4ef1-9fca-616ac5477279,vbms,03/27/2026 2:09,Complete,03/27/2026 10:07,70367255,
3a91f919-2280-4bbd-a7bf-d1c51cdbcadd,vbms,03/27/2026 1:26,Complete,03/27/2026 10:30,70367151,
ffabfdd6-ba1a-472e-985e-01572cc0d474,vbms,03/27/2026 0:19,Complete,03/27/2026 13:33,70366982,
66c0782c-aa08-460d-9af9-60d6c6abac36,vbms,03/27/2026 0:00,Complete,03/27/2026 10:03,70366736,
9a3be6ee-ae0d-4c90-a9fa-0e565c28a02f,vbms,04/03/2026 9:40,Complete ,04/03/2026 11:02,70605462,
eeac4203-c880-43ad-9440-e3fb3eda3cf1,vbms,04/03/2026 9:57,Complete ,04/03/2026 11:07,70605889,
b33d3c59-9aa2-4160-ace3-a6fd3a3f0fe9,vbms,04/03/2026 10:12,Complete ,04/03/2026 11:07,70604261,
d403c422-1bf8-41d2-8b85-4acbc137fa0c,vbms,04/03/2026 12:07,Complete ,04/03/2026 14:12,70617861,
165027e3-5e69-4842-a77b-30b22f29da41,vbms,04/03/2026 12:07,Complete ,04/03/2026 14:02,70617727,
bf2f6d9a-cc35-48f6-a39e-bf296b91b68c,vbms,04/03/2026 12:35,Complete ,04/03/2026 14:43,70619837,
6b40ee68-479c-4f54-8c90-7dfee63523a2,vbms,04/03/2026 12:44,Complete ,04/03/2026 14:54,70620306,
b955f2bb-2c17-49b5-817a-3ad3ff075e07,vbms,04/03/2026 12:46,Complete ,04/03/2026 14:55,70620333,
ec24b293-13bd-47ea-895b-c0c64e4ce74f,vbms,04/03/2026 12:53,Complete ,04/03/2026 15:14,70620662,
cdbbafe2-f8e6-4fcb-9f75-b7f11c3c321a,vbms,04/03/2026 13:37,Complete ,04/03/2026 15:41,70622686,
bf9a1bb2-08d5-4e21-a5f3-2fe62c1b98fc,vbms,04/03/2026 13:42,Complete ,04/03/2026 16:04,70623030,
e4672cfb-8943-474d-9e93-69c5a239858a,vbms,04/03/2026 14:00,Complete ,04/03/2026 16:13,70623949,
1321b3ed-c226-4689-80a0-dc97947e373a,vbms,04/03/2026 14:06,Complete ,04/03/2026 16:12,70624186,
acb4bde1-3fa5-42c5-b674-ade567ad54e5,vbms,04/03/2026 14:12,Complete ,04/03/2026 16:34,70624604,
fb463d0a-9e60-4049-b706-bd0bcfd4d0aa,vbms,04/03/2026 15:22,Complete ,04/03/2026 17:18,70627239,
5c27f6e1-b0ea-4980-9d37-226542a63b64,vbms,04/03/2026 17:08,Complete ,04/03/2026 18:24,70630377,
01f35c8e-94ec-473d-99ef-91a654e9c971,vbms,04/03/2026 17:44,Complete ,04/04/2026 9:02,"70631518  70631519", two packets due to uploaded doc types
0dd99217-5d71-4015-8a64-fc6a2d417d16,vbms,04/03/2026 18:17,Complete ,04/04/2026 8:38,70632077,
182c14fc-6ee1-424b-b3d3-24350aa17677,vbms,04/03/2026 18:29,Complete ,04/04/2026 8:38,70632196,
a2d3b1a3-90f6-4436-a08c-7334a236e095,vbms,04/03/2026 20:40,Complete ,04/04/2026 10:46,70635558,
20eba23a-7d7d-4dd8-9f32-4f6ad5e98fb7,vbms,04/03/2026 20:55,Complete ,04/04/2026 10:56,70635629,
9148425b-02f2-4a26-8774-da06e381f5d2,vbms,04/03/2026 20:56,Complete ,04/04/2026 11:03,70635638,
d6cfd45f-5fa0-4a30-85a8-3c28e135a1a3,vbms,04/03/2026 21:01,Complete ,04/04/2026 10:57,70635790,
70304583-35cb-49ff-8234-17eb03212554,vbms,04/03/2026 21:31,Complete ,04/04/2026 11:33,70637314,
8bf48a88-39d0-4017-93a5-12c7b8bf79e7,vbms,04/03/2026 22:38,Complete ,04/04/2026 12:02,70638525,
5f025ba5-4e67-496a-afce-af5bec8a7602,vbms,04/04/2026 2:19,Complete ,04/04/2026 13:53,70640317,
d908e503-af4d-48fb-b437-907e92c117fa,vbms,04/04/2026 2:28,Complete ,04/04/2026 14:01,70640484,
dbb04f80-eb76-4bfe-a834-495c400af96c,vbms,04/04/2026 4:56,Complete ,04/04/2026 14:07,70640668,
306cbdd9-abb5-489d-82cb-859f7b6c1fd1,vbms,04/04/2026 10:05,Complete ,04/04/2026 14:25,70641205,
49c3d291-bf94-4f1c-890f-2868341f3966,vbms,04/04/2026 10:06,Complete ,04/04/2026 14:26,70641202,
db741847-39af-4a0a-87e6-c162bc4fd6bc,vbms,04/04/2026 11:20,Complete ,04/04/2026 14:58,70642008,
7d099f5e-7624-4b4f-98af-198475b2cd1a,vbms,04/04/2026 12:30,Complete ,04/04/2026 15:57,70643860,
d85c04d8-065c-4260-a66c-42e1f6153075,vbms,04/04/2026 12:56,Complete ,04/05/2026 20:10,70644205,
c9822c2f-925b-46c7-86d5-c9b16ca90d91,vbms,04/04/2026 14:47,Complete ,04/06/2026 6:37,70645413,
9814d992-8fbc-421d-ba53-32a3ad1ece54,vbms,04/04/2026 14:55,Complete ,04/06/2026 6:37,70645455,
1ceceacc-e653-4f2e-9614-07a743b4c24c,vbms,04/04/2026 15:45,Complete ,04/06/2026 6:57,70645755,
b69b42de-bef5-4b7f-b471-afe50927e63b,vbms,04/04/2026 16:43,Complete ,04/06/2026 6:57,70646060,
274823e6-36f9-445f-9319-3726863f7bc7,vbms,04/04/2026 17:33,Complete ,04/06/2026 7:32,70646671,
f9a0b883-91f5-4deb-89a2-1ac907d0727e,vbms,04/04/2026 21:54,Complete ,04/06/2026 7:59,70647370,
85805924-3604-4a2a-b361-28500df99a7b,vbms,04/05/2026 3:07,Complete ,04/06/2026 8:02,70647451,
faa736af-88bd-4ea6-87ce-02c91ec26441,vbms,04/05/2026 9:51,Complete ,04/06/2026 8:12,70647965,
d0f56245-2d02-4f63-b391-33e7b1b2ebc7,vbms,04/05/2026 12:37,Complete ,04/06/2026 8:13,70648498,
59f15f8e-4c8d-47d7-a35a-c4ac0be6c5f9,vbms,04/05/2026 13:52,Complete ,04/06/2026 8:41,70648839,
a158b875-1832-49fd-b313-c54f14d5631a,vbms,04/05/2026 14:00,Complete ,04/06/2026 8:41,70648971,
6880122b-94ab-47b9-a8f2-c57851821cbf,vbms,04/05/2026 14:30,Complete ,04/06/2026 8:37,70649014,
b91c0f57-082d-47b9-9d96-9ccf4e929b45,vbms,04/05/2026 15:33,Complete ,04/06/2026 8:42,70649302,
90799db7-9b2d-4934-8830-f614f52fa0d6,vbms,04/05/2026 16:44,Complete ,04/06/2026 9:10,70650518,
8a3a8503-5e13-49e9-a707-223883a3cd85,vbms,04/05/2026 16:46,Complete ,04/06/2026 9:20,70650503,
0203f5be-3efa-4f5a-958c-7bb208502d6b,vbms,04/05/2026 20:41,Complete ,04/06/2026 9:17,70650872,
7f97a34c-1dd5-4308-99d1-100afba0af46,vbms,04/05/2026 20:53,Complete ,04/06/2026 9:09,70650406,
1d9ce0ab-6c37-4a3d-bdc7-306186865ef8,vbms,04/05/2026 22:09,Complete ,04/06/2026 9:19,70651087,
74a4cea4-097a-4da3-8286-de988a86e1bd,vbms,04/05/2026 22:13,Complete ,04/06/2026 9:19,70651091,
d01860e0-3fec-4a9c-926f-be5438ce2604,Success,04/06/2026 00:10,,,,
050118e7-6521-4f51-a338-f44518d00194,Success,04/06/2026 02:03,,,,
f687dcba-d1a6-4dfb-9ce5-fb4f6e2b5efe,Success,04/06/2026 06:13,,,,
117d7397-efcb-42c3-8557-42f31b59c866,Success,04/06/2026 07:55,,,,
801fd5b1-35e2-4652-bdfb-36fcf3d1a627,Success,04/06/2026 08:17,,,,
a2c3b1ef-847b-45ea-9446-7c35334fd935,Success,04/06/2026 08:28,,,,
a0d25e05-001f-4119-a969-e700f7d91ff8,Success,04/06/2026 11:35,,,,
f7828e55-aa22-4763-8619-b5afb9463a8f,Success,04/06/2026 11:45,,,,
ef53da30-3dd9-4868-af18-a1372b1455b4,Success,04/06/2026 11:56,,,,
68954669-7ee1-4ac5-98f3-acc0fdd5a834,Success,04/06/2026 12:00,,,,
8c316f1e-fc8b-4ced-9517-a1226964639b,Success,04/06/2026 12:16,,,,
9ffaaaca-0478-4786-9541-b96ebf382430,Success,04/06/2026 12:22,,,,
a40fb706-df3a-426e-8cf9-6cfab05eea11,Success,04/06/2026 12:28,,,,
9cbb1370-11c6-49c4-b1d5-19981554907e,Success,04/06/2026 12:35,,,,
d8e4ba36-70b8-4102-8fbd-2ba0756f06ae,Success,04/06/2026 12:45,,,,
d3800ce9-f97f-4fef-924d-69de071e45b4,Success,04/06/2026 12:59,,,,
a6f8cfcd-d341-4957-aa54-5b2a22a95a1f,Success,04/06/2026 13:11,,,,
941f3430-233b-459d-8343-87c224c10d23,Success,04/06/2026 13:42,,,,
7faed1df-55ec-4b89-99df-3e4db8f40160,Success,04/06/2026 14:08,,,,
af58537c-a330-4c3c-aefe-a561014f9c26,Success,04/06/2026 14:52,,,,
a90c636e-bb5f-4692-82ea-4f1ce09c30eb,Success,04/06/2026 15:14,,,,
67ebf394-7a6d-46ca-8571-6c4a0a0d9601,Success,04/06/2026 16:06,,,,
b11119ed-2e0c-40d3-b92d-1584eaf80098,Success,04/06/2026 17:26,,,,
644d0349-b172-4c79-9f4e-24c0ce51f0cc,Success,04/06/2026 17:28,,,,
473442af-16b5-4296-838f-c15adde07f12,Success,04/06/2026 18:22,,,,
a6038ed9-f439-4a5e-8bdc-44304e0d2bdb,Success,04/06/2026 19:15,,,,
61199564-b421-4088-ab22-aaa62563d010,Success,04/06/2026 19:24,,,,
4af7f7f6-5014-4f24-a229-8462dfc2c4b6,Success,04/06/2026 19:33,,,,
26c83791-b4c9-45e4-a5df-6061f9754a30,Success,04/06/2026 21:10,,,,
fb9ad604-033b-4f6f-bbca-bfdbc460da56,Success,04/06/2026 21:34,,,,
59cfceb7-e837-41c2-9f87-c1489b5f5917,Success,04/06/2026 22:40,,,,
72fc6158-4ca7-488f-aaef-777d1e324d3a,Success,04/06/2026 22:48,,,,
187a762a-4fd8-4ecc-a601-95a28e45b0aa,Success,04/07/2026 00:09,,,,
fc3a16e1-f4dc-4304-a451-47ae270e603c,Success,04/07/2026 02:17,,,,
d7a83b5b-2c1e-4406-b6cf-20ae7426d0ee,Success,04/07/2026 04:21,,,,
de4b8212-cf8d-40a2-bc1a-f0f8197f6a33,Success,04/07/2026 07:33,,,,
a3801ed5-41e3-4ba5-9db4-194db5711117,Success,04/07/2026 10:30,,,,
98b6a887-0858-48f5-98c6-c9d0e17fd7e9,Success,04/07/2026 10:57,,,,
01287ff1-42cc-4777-9d64-b25bda5c446c,Success,04/07/2026 11:26,,,,
97a8e8fe-c7c5-494e-965b-988c4bd118fc,Success,04/07/2026 12:13,,,,
60a8a781-b65f-41dd-8638-45419eca50bc,Success,04/07/2026 12:40,,,,
86f293ef-d19d-466d-b205-dd4d3c5c3a81,Success,04/07/2026 12:44,,,,
8143134e-b304-40f1-9136-92b900fb8167,Success,04/07/2026 12:45,,,,
e6b65659-c859-4a08-abb2-1cc2faaa2258,Success,04/07/2026 13:09,,,,
12e6907e-a27a-4008-899e-0acbe9b03f49,Success,04/07/2026 13:35,,,,
14183a19-bee5-4c18-966c-bd97340c6608,Success,04/07/2026 14:01,,,,
dbbabbc0-0314-46c2-8e8d-de805b0d0560,Success,04/07/2026 14:48,,,,
b6db2526-8001-4edb-8e82-c3ab54b7b81b,Success,04/07/2026 15:42,,,,
0ff4b964-f8d2-4ce3-8428-8f42eff14893,Success,04/07/2026 15:43,,,,
0119cdde-ce89-41f2-ae92-ba3d2af6a04a,Success,04/07/2026 16:01,,,,
8a2938bf-56de-41b9-b4d8-080d05b82231,Success,04/07/2026 16:59,,,,
38bf76ad-4891-4294-a604-8055305b807c,Success,04/07/2026 19:33,,,,
6d3ca15f-08a8-4eb2-b2bf-8ad01cdaa3bd,Success,04/07/2026 19:56,,,,
c2c5f379-cf27-4ec3-8759-a55e1baf898c,Success,04/07/2026 20:50,,,,
57e37446-3f14-4c64-b806-6407e1b3c08c,Success,04/07/2026 22:34,,,,
3775bcbb-96e0-407a-85ac-6d06a7e9e37e,Success,04/07/2026 23:44,,,,
142b7e22-35cf-46ef-b020-51a49cc9bbe3,Success,04/08/2026 02:07,,,,
0c569f99-c0cf-48e6-9da9-183b1dd969a0,Success,04/08/2026 03:50,,,,
0d243ce0-6b2e-4b66-ad24-ea5420c7affc,Success,04/08/2026 06:56,,,,
00135ee9-6a9d-4e18-87d8-ea6d348021b9,Success,04/08/2026 07:11,,,,
bc4967bd-e06c-4aef-9fa5-89d1098b3810,Success,04/08/2026 07:16,,,,
659374fc-ecef-4784-be1e-fd8c3ce71cd3,Success,04/08/2026 09:36,,,,
23c081bb-c650-4a92-865b-e57705856518,Success,04/08/2026 11:00,,,,
86268863-c4a3-457e-a4c3-e89a02e96db9,Success,04/08/2026 11:10,,,,
c8455920-908e-40aa-9d8c-3eb9d7855616,Success,04/08/2026 11:57,,,,
651ddb1a-cab5-4e12-bbe9-248895ae216b,Success,04/08/2026 11:59,,,,
142c36f4-4b61-4b40-84ed-bad1f18f7fcc,Success,04/08/2026 12:08,,,,
253ae71b-628b-4a5f-9f9d-bdf778a4c55a,Success,04/08/2026 12:33,,,,
c80958bb-89ec-436b-8af9-fb69a2bb0a02,Success,04/08/2026 12:37,,,,
7a03eb62-085d-463a-bb51-32eae5de0098,Success,04/08/2026 12:48,,,,
12889e3a-ed0a-48c1-a1ce-895012e24ca4,Success,04/08/2026 13:17,,,,
b9bde4c5-1ab1-458c-bade-908ff7b305a9,Success,04/08/2026 13:22,,,,
e59b318b-8c89-4715-a866-0268ce6adce3,Success,04/08/2026 13:43,,,,
f0531335-49c3-4866-8921-5406e6e9a920,Success,04/08/2026 13:49,,,,
b74620f7-a282-4939-b1d4-9829cd3073d7,Success,04/08/2026 14:12,,,,
15c2641b-5166-47b2-a069-fcaf21c14f08,Success,04/08/2026 14:23,,,,
633e14b3-943c-4a44-8092-5fe13297682e,Success,04/08/2026 14:39,,,,
9e133f20-e908-4263-9676-5fa5daed7616,Success,04/08/2026 14:50,,,,
b9b43b82-1cbd-439c-997a-bd84fe56c7bb,Success,04/08/2026 15:55,,,,
b5d10fd6-be61-45cf-905b-2ba24a082cd7,Success,04/08/2026 16:17,,,,
48b18dc7-7ff1-437c-bb27-752fa78a223a,Success,04/08/2026 16:21,,,,
fe27d57d-7506-4d4c-8178-b26fd603e47f,Success,04/08/2026 16:32,,,,
b8203862-4a5a-487a-9d0e-428bbe608e22,Success,04/08/2026 16:47,,,,
894efa1f-039b-46d2-90c6-dcfc75f36e9a,Success,04/08/2026 16:50,,,,
d7a4dc68-a0b9-42c2-bbd1-4200bef6124a,Success,04/08/2026 16:52,,,,
124b5e74-ae6e-4c93-8466-5434cd1f9861,Success,04/08/2026 20:11,,,,
ad8c25a8-a82c-4494-afd2-25937dbabd0e,Success,04/08/2026 20:19,,,,
ebc315f9-87f1-4e86-b144-acdd85c3bcb7,Success,04/08/2026 20:43,,,,
1ccfc70a-486e-4dff-84c3-47b10f6c66b3,Success,04/08/2026 20:50,,,,
77b60a11-ea7b-4633-9064-9696a391e7a4,Success,04/08/2026 21:15,,,,
9f5a9618-8a9c-4220-95d3-14f337ea40ab,Success,04/08/2026 23:57,,,,
7f954526-929a-4c06-9ed0-49fd1a3900f8,Success,04/09/2026 03:32,,,,
3e9a6bf5-1d60-4386-8274-b0f7d57727e9,Success,04/09/2026 05:05,,,,
43be84e0-adaf-4040-9f27-e741777eccbf,Success,04/09/2026 08:31,,,,
6ddcaa6f-ffc1-43f4-b492-0a53b9ae1d12,Success,04/09/2026 10:47,,,,
0e40df2d-e016-4f76-8dda-49e001cbb4e3,Success,04/09/2026 11:21,,,,
f2263bca-98b6-41db-9848-735a2080ba40,Success,04/09/2026 11:40,,,,
2f66b602-8d25-436f-b5fb-cf14abe71bc2,Success,04/09/2026 12:02,,,,
42a0fa73-6ecd-459a-acb4-36b973b119f7,Success,04/09/2026 12:45,,,,
1c36499e-c3af-4deb-b775-ff88ad169c12,Success,04/09/2026 16:57,,,,
9d700854-cf81-465b-99e1-6362e55a0a88,Success,04/09/2026 18:10,,,,
d45e3c01-27f7-4266-9346-a73f08280006,Success,04/09/2026 18:12,,,,
755b1a9f-1a3f-4a1b-adcb-07a2e74583cb,Success,04/09/2026 18:47,,,,
f2b2ad5b-5dbd-4f6e-b8d6-4647d40ddcb5,Success,04/09/2026 19:13,,,,
f6f8a97e-4fc1-4550-b536-2f6f5075344d,Success,04/09/2026 19:59,,,,
17d48ba7-0317-4b5e-af2d-57be50861ed1,Success,04/09/2026 20:17,,,,
62965ae6-e6f2-488c-ab28-0d741af09a67,Success,04/09/2026 20:50,,,,
3589bb41-cc13-4630-ad1b-3c54b4df23be,Success,04/09/2026 21:07,,,,
876f4083-9204-40f2-b71b-1e8e530846c9,Success,04/09/2026 21:51,,,,
66a2b11d-c03a-4213-b38f-7e73fca44c85,Success,04/09/2026 22:07,,,,
8f252746-c97f-4ce3-af56-f5c9a3359ea0,Success,04/09/2026 22:15,,,,
26c2240b-f2bd-4241-9cd7-e29c6bd7e760,Success,04/10/2026 00:53,,,,
8c6efe2c-9183-45f6-862d-337c0bb519d4,Success,04/10/2026 02:02,,,,
9d89eade-6630-4989-afb6-3bc8d9ebaea2,Success,04/10/2026 03:09,,,,
1c677e1c-d34e-4c1e-9f6b-84d4bf4152d2,Success,04/10/2026 10:11,,,,
57483847-8483-4506-b1b3-bb93a2a3d939,Success,04/10/2026 10:46,,,,
a874fdb8-92fc-489e-b5bf-19cf0f59dec2,Success,04/10/2026 10:59,,,,
47cc960f-391e-4209-835a-1c4968995d83,Success,04/10/2026 11:12,,,,
98cdb032-0698-4bda-98cb-c71026ce94a7,Success,04/10/2026 11:26,,,,
2fd6ac69-58a7-4888-88ec-0203dad90357,Success,04/10/2026 11:48,,,,
38d37166-1bfe-4d85-a896-a50c89d1e250,Success,04/10/2026 11:48,,,,
76caa33a-6e67-4b4c-9953-02158ce9aad9,Success,04/10/2026 12:07,,,,
c8431a4e-ab3b-4197-abbb-626b955d97ab,Success,04/10/2026 12:20,,,,
4db34564-fe7c-470e-83e8-0e7f07f62a65,Success,04/10/2026 13:56,,,,
8664934f-90a0-432e-9cc8-73c0262a2769,Success,04/10/2026 14:41,,,,
26116bca-0730-4b9f-b5ec-9aad51bc398d,Success,04/10/2026 15:17,,,,
dfc6cd3a-a512-4a34-9939-1ce61b48dbca,Success,04/10/2026 15:28,,,,
b7b9f3c5-85d0-4acd-926f-ee42352a97b4,Success,04/10/2026 15:41,,,,
1eb69bad-2afc-4d04-801e-d566a1705dc4,Success,04/10/2026 16:32,,,,
f12e3e39-d679-42a8-b9a1-e25189148033,Success,04/10/2026 16:48,,,,
721e1a91-d463-49fb-ada3-814d2d41eb69,Success,04/10/2026 18:16,,,,
79d3f17f-9c19-4900-b5ec-6fad6209571d,Success,04/10/2026 19:04,,,,
78f9805e-6206-4691-ae9f-c629721443f3,Success,04/10/2026 19:59,,,,
ab89c03f-14ad-44cd-af41-f142b45cc2b2,Success,04/10/2026 20:31,,,,
faccf995-e413-4de0-8a54-6feb4690c237,Success,04/10/2026 21:07,,,,
b21db6fe-b38c-4045-a46b-1ddfb5fb212b,Success,04/10/2026 21:17,,,,
c60e1db0-a1e4-4ba0-a17f-325da6bac8c6,Success,04/10/2026 23:14,,,,
ded37bd5-3f02-429c-b3ba-5eb5ea893751,Success,04/10/2026 23:58,,,,
e1dc071f-bf76-43f0-8f02-7277395453f1,Success,04/11/2026 00:17,,,,
bb27bc43-5f3a-40fd-8363-7b756332cf60,Success,04/11/2026 00:34,,,,
c206fca3-aa55-4a90-873f-bbe661cfd211,Success,04/11/2026 10:15,,,,
d7b2dfb4-3f67-47f7-8d03-bba8023d5089,Success,04/11/2026 12:12,,,,
4eab8134-b828-4887-9c3b-efdf700e3a14,Success,04/11/2026 13:51,,,,
828e53c6-6aea-4322-af84-98f9ad0986d0,Success,04/11/2026 14:13,,,,
63597b82-37f9-4c70-95f8-2255685b452f,Success,04/11/2026 14:34,,,,
480802c6-5042-4af1-a6d4-b7050ad286df,Success,04/11/2026 14:53,,,,
ac821967-07c0-496d-846c-57fc3ecc482d,Success,04/11/2026 15:09,,,,
b230b3c9-0596-4f1f-b9e1-20d8b571daf1,Success,04/11/2026 15:55,,,,
c3c0ccb0-3a8e-4a2b-9650-b6fd7957eede,Success,04/11/2026 16:42,,,,
3a24f60f-919f-4123-a2eb-4d6983c42a95,Success,04/11/2026 17:38,,,,
a876eee4-2366-44da-9c31-b53f805d662d,Success,04/11/2026 18:50,,,,
064f97f2-8af9-4822-93e1-8b930c3a57eb,Success,04/11/2026 20:29,,,,
f680328e-4206-4679-b6c6-4b3e7c313272,Success,04/11/2026 21:16,,,,
ad8155b3-cf0c-4862-ad4e-4d768f032410,Success,04/11/2026 22:09,,,,
242af334-bd9d-4dba-ae7f-6fed78aa3045,Success,04/11/2026 23:01,,,,
7a9fd7da-3b2d-4db3-a353-36cbf85fc73f,Success,04/12/2026 00:22,,,,
7b7de0bf-c21c-4bd5-a7de-8913a2f89b74,Success,04/12/2026 09:56,,,,
b10cd8ee-0b6a-4978-8e4c-a580b0e74517,Success,04/12/2026 12:28,,,,
439fa514-4739-41ce-b1c2-89270dcc7e16,Success,04/12/2026 13:36,,,,
092acc60-1f10-4c17-8ce5-7285b6c2a8d8,Success,04/12/2026 13:51,,,,
50e3df22-78f6-4adc-aa28-64c81b21ae63,Success,04/12/2026 14:49,,,,
bdf4ec4f-e133-43af-933c-3a57825ae3f6,Success,04/12/2026 15:27,,,,
fbc076fb-0923-4e59-b8fb-ee4d42b4cac7,Success,04/12/2026 17:04,,,,
91730ffd-3608-4e72-a48a-fdb0cfacfc2e,Success,04/12/2026 19:17,,,,
a43de745-e050-4eb1-b715-6da262d8c384,Success,04/12/2026 22:41,,,,
e5008343-474f-4698-90e4-926e464338b2,Success,04/12/2026 23:30,,,,
3e1c2552-56f2-4692-9980-7431a2ac3078,Success,04/12/2026 23:42,,,,
5061d9e1-c4f8-4ef9-b156-247835180441,Success,04/13/2026 01:50,,,,
14bd66e1-56c4-4a85-b735-5d92f0dad0cc,Success,04/13/2026 02:43,,,,
8791ee3b-3dc0-4793-8fed-837d1e906269,Success,04/13/2026 02:46,,,,
20453ddc-e248-4931-a03d-c8314f931ae5,Success,04/13/2026 03:40,,,,
ba9512d6-9fb6-4ca4-bf87-6f3742525d89,Success,04/13/2026 07:15,,,,
b455f9d1-43be-4168-89eb-4862278a5879,Success,04/13/2026 07:18,,,,
07148c3d-20d5-4a38-a786-d2191d1c16aa,Success,04/13/2026 09:12,,,,
8e103735-8f8f-46c6-9910-a056e7d9cd8f,Success,04/13/2026 09:19,,,,
6cac2935-7575-4df5-8e22-dd093c3f7ac1,Success,04/13/2026 11:11,,,,
ca42f32c-847e-449b-b984-501e177e69f6,Success,04/13/2026 11:55,,,,
84623b4b-f55f-4a6b-80d4-97c761293e41,Success,04/13/2026 12:14,,,,
6af8738b-4a9c-4497-aed6-729ab062b1b9,Success,04/13/2026 12:41,,,,
2d68ca16-abbd-4788-94ed-4b956217d1eb,Success,04/13/2026 12:42,,,,
ca032ace-13e4-410c-be67-bbfabbcbf636,Success,04/13/2026 12:48,,,,
8e65dd62-61ef-4df0-9a3f-669232327393,Success,04/13/2026 12:53,,,,
c47f94ca-6583-4615-b8ff-fef1e9e0b837,Success,04/13/2026 13:21,,,,
91daa21c-29e7-4925-b3c5-a0653723f2cf,Success,04/13/2026 13:39,,,,
62db281e-4261-4aaf-b382-ef0583fe4f74,Success,04/13/2026 14:08,,,,
fff01176-7c79-4652-9dc1-743de6d07e7f,Success,04/13/2026 14:30,,,,
dad0625d-d2f5-48b2-94b3-95f785a2ac66,Success,04/13/2026 14:38,,,,
aac1fd0d-21e1-4288-873e-9b165062d040,Success,04/13/2026 14:54,,,,
1eaa2f1b-7f08-49c4-8dbf-4231463c642a,Success,04/13/2026 14:54,,,,
b23caca3-f2a9-426c-8aac-0783731384d5,Success,04/13/2026 15:32,,,,
ac64944f-b18f-4276-9e18-923a3cb84850,Success,04/13/2026 15:44,,,,
1789845c-5067-4438-8889-d8ffb021cd67,Success,04/13/2026 16:27,,,,
fc9bd82f-a519-4343-a003-a5ce684b934f,Success,04/13/2026 16:31,,,,
2b522082-0da2-4462-9f91-e71924954f80,Success,04/13/2026 16:45,,,,
a6c38714-6a3d-4191-801e-35ede413807b,Success,04/13/2026 16:55,,,,
5e7c2b5f-041a-4225-984d-8c91cc9dad8c,Success,04/13/2026 16:55,,,,
79daa9d0-9afb-4138-ae27-8a698d6a27b2,Success,04/13/2026 17:14,,,,
a084d06d-c229-4025-a6c2-681f030bd02d,Success,04/13/2026 17:17,,,,
1e3a3253-de8b-417a-8195-27bd9ac0bf1a,Success,04/13/2026 19:43,,,,
fd4fff9c-69a6-4de3-b67d-b8eb42af9288,Success,04/13/2026 19:59,,,,
106c31f2-28ea-45f6-bfee-820b85b76c13,Success,04/13/2026 20:00,,,,
817fba6c-f356-485d-bea3-c8c09c73394f,Success,04/13/2026 20:07,,,,
75cf135e-7933-495b-b7d4-365ad89c1674,Success,04/13/2026 21:41,,,,
b674a3f3-5665-46cd-aec9-cd5ef1774d5d,Success,04/13/2026 22:53,,,,
ce4b8d36-6637-4dcc-b4f6-e3338dd8382f,Success,04/13/2026 23:21,,,,
9de64b42-053b-4da2-a752-ca2608a7efaf,Success,04/14/2026 01:37,,,,
1932dd44-237f-4cd5-b78d-94181176b200,Success,04/14/2026 01:49,,,,
d76c2384-1457-4589-b1a6-5de8bbdd168a,Success,04/14/2026 03:15,,,,
69ce27c4-ba08-430b-920f-3542a6a96473,Success,04/14/2026 03:23,,,,
63d13b80-0fad-401c-bc67-10243b96624e,Success,04/14/2026 10:43,,,,
3bcfe8a7-2b8f-4374-8699-f59090f06efe,Success,04/14/2026 10:46,,,,
04f3f25a-c157-4c01-b479-b275c1014762,Success,04/14/2026 11:31,,,,
cd474ae6-f353-4648-991f-a48713e7724b,Success,04/14/2026 11:57,,,,
e03320d0-531c-4d48-ac4e-753aa059adbd,Success,04/14/2026 12:07,,,,
a7fdc4c0-8f8d-4bea-89c4-e3d335052f14,Success,04/14/2026 12:08,,,,
e8177b82-6be0-48d5-b1f5-c399ee11af0d,Success,04/14/2026 12:54,,,,
5ed1f14d-b0c4-4afa-afaf-e45f893e9ec2,Success,04/14/2026 13:04,,,,
e0c429a2-3aa2-4f98-ba9a-829a7c0d5b71,Success,04/14/2026 13:40,,,,
7a577930-f22c-4a28-97ac-fc533250f684,Success,04/14/2026 13:45,,,,
f423cbd5-59bc-41d0-90cc-258bd12b8e8b,Success,04/14/2026 15:03,,,,
53e1e6c4-4191-41d5-8106-483ffafb331a,Success,04/14/2026 15:13,,,,
55bfeef3-7d50-4b87-9f66-f7751ef5fc62,Success,04/14/2026 16:15,,,,
c361cd93-82e6-493d-96e4-2b465fdd6fc2,Success,04/14/2026 16:15,,,,
5ba4c7e5-2fb5-48bb-a351-2a9d8d7c41d4,Success,04/14/2026 16:16,,,,
507ba90e-10bb-4795-b330-73b16690c90f,Success,04/14/2026 16:22,,,,
03ff1d8b-a038-4c02-8d14-15aa15fe0ed6,Success,04/14/2026 16:43,,,,
30113d5d-fc95-498f-ac56-d7bb7f034b64,Success,04/14/2026 16:55,,,,
075b75e4-4741-44c7-8d3b-c4761b0ba99e,Success,04/14/2026 17:13,,,,
fb826fb8-d03b-48e0-a2e1-0a03d489b92e,Success,04/14/2026 17:36,,,,
321433b7-e20f-44f8-ad3c-7d53b550271d,Success,04/14/2026 17:42,,,,
f10a7309-dffb-471b-a186-18ffb20819e0,Success,04/14/2026 17:56,,,,
6b39dbe6-ac45-4423-8145-fac88a3e0dd6,Success,04/14/2026 18:15,,,,
dd895fe4-d4d7-42f7-a696-6c23b115b218,Success,04/14/2026 18:21,,,,
3a7f26ed-a4dd-4c07-bac1-15ee89508905,Success,04/14/2026 18:23,,,,
273305fd-1ebb-4718-bad3-61656aa6ff0c,Success,04/14/2026 18:36,,,,
3056d0b2-9ea2-4b69-8061-c675f7243491,Success,04/14/2026 18:51,,,,
e47cd36c-9915-409b-9378-eff45f3ec489,Success,04/14/2026 18:52,,,,
2b43213b-a3cb-4513-960c-ffe5ff09872d,Success,04/14/2026 20:22,,,,
60b8a9c4-f5a7-4f4e-a73a-9cb29440cea8,Success,04/14/2026 20:38,,,,
c1aea9e1-a020-4c61-a6d1-2c5c5f401031,Success,04/14/2026 21:43,,,,
9acc98ee-ec88-4f43-bd92-2b1c94f627e9,Success,04/14/2026 22:11,,,,
227a2cd4-191d-4a57-840e-efc37654146e,Success,04/14/2026 23:20,,,,
0cfbe4fe-3d8a-4d99-9e12-6525ac08aed5,Success,04/15/2026 00:44,,,,
03095f1b-a0e6-4c18-a834-53591897ccee,Success,04/15/2026 00:59,,,,
ee65128a-3a46-4aec-8352-26bb079df768,Success,04/15/2026 03:06,,,,
5e6930a1-8d4a-4569-9b78-076be6c79358,Success,04/15/2026 06:11,,,,
da4c221f-9615-4982-945d-1116b4475b64,Success,04/15/2026 08:33,,,,
c7847934-93bf-40b5-8ba0-3ce5027b5b10,Success,04/15/2026 08:50,,,,
3538c2f7-4821-47b4-92e5-78cf356f11b5,Success,04/15/2026 10:29,,,,
02436dc3-bc84-4bb4-85b0-3352b1540655,Success,04/15/2026 10:31,,,,
59c15197-bb47-44fa-915c-33fadef771b3,Success,04/15/2026 11:16,,,,
dc3a7686-9e91-41ac-8e64-65bf2b354bde,Success,04/15/2026 11:22,,,,
aad5784a-3316-43a3-b0ce-beab43e3ddf8,Success,04/15/2026 11:56,,,,
c081ed7f-4e3d-490a-9c49-0b4d20570179,Success,04/15/2026 12:03,,,,
b0206dd5-90c8-4f4b-831b-f49dab230902,Success,04/15/2026 12:05,,,,
6690f82d-7631-4fd2-8951-67c3bb1bc404,Success,04/15/2026 12:19,,,,
afa1b191-798a-4ea7-865a-d514d1741f79,Success,04/15/2026 12:25,,,,
d4d5ce58-487c-41e5-8784-690049b09338,Success,04/15/2026 12:31,,,,
a5c20a49-8ed4-4dcc-89ce-e84a3cc94d36,Success,04/15/2026 12:37,,,,
5a6861c6-daa2-4fe7-8544-6b4db550ee47,Success,04/15/2026 12:55,,,,
b09d2617-5b62-419d-8105-f1c51e83911d,Success,04/15/2026 13:17,,,,
93cdacd8-2e51-4c8e-8a47-444ad7a2a672,Success,04/15/2026 13:24,,,,
4da9b9d8-3963-410a-9936-b13964612472,Success,04/15/2026 13:30,,,,
b9be9ae5-d55a-4d7e-ab75-5885de727937,Success,04/15/2026 14:09,,,,
a4cdccb3-b041-4ee9-9b85-b6a164178eb6,Success,04/15/2026 14:13,,,,
3a271f34-ed8b-45d0-9655-ee098691ab45,Success,04/15/2026 14:21,,,,
4f62d5d5-8186-4fd8-a5cc-52267d5cd9bc,Success,04/15/2026 15:06,,,,
a0e1cbe1-f914-454e-9aeb-f1e7568173ed,Success,04/15/2026 15:12,,,,
2085fead-0b40-4d04-b3e7-9cfa295dd823,Success,04/15/2026 15:35,,,,
323b1c6b-25af-42aa-ae91-06ff087aaa9f,Success,04/15/2026 15:49,,,,
d7c9ed5e-7f1f-4bea-ace6-c90ceb0e9b2f,Success,04/15/2026 15:52,,,,
c92f41d8-f23e-43d9-a04c-af8f619e37f4,Success,04/15/2026 15:57,,,,
2e67fe08-da3a-441e-a63d-23b34d17f2b6,Success,04/15/2026 16:00,,,,
e0996619-7e31-446b-8c29-87dac49c25fd,Success,04/15/2026 16:40,,,,
3a6a18a2-c1f8-40ea-a3ee-a9592ec5408d,Success,04/15/2026 16:43,,,,
9196734b-b09b-4264-ad23-038b5c6d0edd,Success,04/15/2026 17:29,,,,
0c025a7a-ee27-4d49-97f8-84b7116b1002,Success,04/15/2026 17:43,,,,
e9862580-dc2e-4fc4-b0dc-c79ffdee9e04,Success,04/15/2026 18:11,,,,
5201cb6e-3f54-4760-9b50-844eeab1d78c,Success,04/15/2026 18:20,,,,
07761028-9f7e-4f29-8437-4e655b1efb4b,Success,04/15/2026 18:38,,,,
ec780207-148c-4a60-a038-e9bc157e7571,Success,04/15/2026 19:04,,,,
5776fbba-83d3-4246-8c9d-fbbac18697ac,Success,04/15/2026 19:37,,,,
641a0681-41f8-4618-962d-c0df0664b8c7,Success,04/15/2026 20:25,,,,
da511a13-3a87-4b67-bfbb-3024cf2777f2,Success,04/15/2026 20:51,,,,
0c7a44e0-cc41-4527-925a-cd9fdb3cf54e,Success,04/15/2026 21:00,,,,
6256cc25-be6a-4e0a-b798-6e32bc8df0f8,Success,04/15/2026 21:06,,,,
1314e50d-7f97-4866-90e2-3004b54fb132,Success,04/15/2026 21:26,,,,
0d576057-cde7-4105-9244-586558167949,Success,04/15/2026 21:42,,,,
573ce6ab-f2d1-4800-bba9-d356107728b9,Success,04/15/2026 22:34,,,,
e5b0ca25-a168-4c71-8819-e1b8cb61128d,Success,04/15/2026 22:54,,,,
b97aebd9-5f29-46ba-8ba4-391ba30541c9,Success,04/15/2026 23:01,,,,
dc5ae0e7-4291-40f4-ada7-5276d3d8a14e,Success,04/15/2026 23:41,,,,
40c2a4b1-1837-4578-bf1d-d0ebb6257764,Success,04/16/2026 00:10,,,,
6fa204f9-d982-4fa1-b032-0b6023e6c8d4,Success,04/16/2026 01:27,,,,
e724c445-e541-44b7-8178-caedecebaf94,Success,04/16/2026 08:55,,,,
8a93fe5f-946f-4880-94e4-9d3aa832a9d6,Success,04/16/2026 09:38,,,,
80b105ba-bb50-4f91-a9ba-e4ec08526e25,Success,04/16/2026 09:43,,,,
0cf818a1-d593-47cc-b0cd-c7f992ab32a3,Success,04/16/2026 10:36,,,,
d148f7f7-f9ef-432e-8b3e-f14b1f3107c6,Success,04/16/2026 11:11,,,,
5c9100b4-248b-472a-b2c1-0c9f39562556,Success,04/16/2026 11:33,,,,
d21ee2d4-ecea-4dad-b7dd-4633855e51cf,Success,04/16/2026 11:47,,,,
9c33eaf2-d6b0-4da2-9e17-f380448c90df,Success,04/16/2026 12:19,,,,
78417625-3ee5-44d1-be62-33184f8a7eaf,Success,04/16/2026 12:44,,,,
458841a5-97ed-4c4e-99a1-352c6e5f0757,Success,04/16/2026 12:45,,,,
2901c5fd-538c-4201-a98c-abf1f632cda2,Success,04/16/2026 12:56,,,,
88674b5b-e2d4-4d54-b326-8fda07c66539,Success,04/16/2026 17:44,,,,
47da9784-dc65-4762-a618-e18f937161a4,Success,04/16/2026 20:47,,,,
2c937b2d-b6a1-453e-bcb6-374a09d36bbf,Success,04/17/2026 15:17,,,,
16f6d253-78f1-4b07-bc1b-7375a5201994,Success,04/17/2026 15:35,,,,
21d7bfd0-c911-470f-b679-df98d69b34bc,Success,04/17/2026 15:51,,,,
92cbabc4-38cf-47ff-b29e-3099a137bb43,Success,04/17/2026 17:11,,,,
f73dc43f-3594-425a-bb9d-41a1dc98c5e9,Success,04/17/2026 17:24,,,,
7b180fb0-dc4b-4dde-92d3-077cc04acef5,Success,04/17/2026 17:25,,,,
89a50fd7-d366-42bf-835e-6e136c0bbc2c,Success,04/17/2026 18:00,,,,
4ae8ce38-e2d5-4a43-975c-5d80a72e02ee,Success,04/17/2026 19:13,,,,
4c3f3d64-85e4-49dd-b2a2-3a0ff50385e8,Success,04/17/2026 19:14,,,,
820586bc-4f8b-4a22-8322-192b1365abc9,Success,04/17/2026 19:48,,,,
6b9af443-9800-4fd2-a617-a1ec1d204d52,Success,04/17/2026 20:44,,,,
b69a5e0a-b315-456f-b6a4-0b7aef11d771,Success,04/17/2026 20:51,,,,
373420dd-81c3-436a-8c87-2f7db961e85b,Success,04/18/2026 00:03,,,,
d15eed21-a81b-46a3-82a0-390f910ab133,Success,04/18/2026 00:45,,,,
2a79de5a-4bce-4c35-98f1-58be52f22036,Success,04/18/2026 03:08,,,,
06c3cf5b-cd26-4118-8f28-2ebb50f4a9ff,Success,04/18/2026 06:41,,,,
5dfcaaf5-0882-4c36-bd7c-86d9938f562a,Success,04/18/2026 08:14,,,,
adedf1d1-486b-4918-801e-d0310425ab66,Success,04/18/2026 10:35,,,,
292e45af-f1eb-4dea-be34-ba4abd21fb36,Success,04/18/2026 12:06,,,,
f5bb4f6a-e4ae-4cb3-90b7-c77b760b32fe,Success,04/18/2026 12:10,,,,
7e4413ae-72c1-4b07-aee6-d50ba77a9b21,Success,04/18/2026 12:57,,,,
075456cf-d168-4991-8ad4-69613b4bc6a0,Success,04/18/2026 13:07,,,,
8c810ad4-ab4d-4302-941b-2ef9977776ef,Success,04/18/2026 14:23,,,,
36d3d535-aa40-4640-9963-28c9216d239c,Success,04/18/2026 15:41,,,,
6dc442e9-5fa5-4eee-bb6f-46db74382a1f,Success,04/18/2026 16:25,,,,
0a60c91a-e8ee-4426-92fa-38c12bbbb18b,Success,04/18/2026 16:31,,,,
86622fb5-8959-4db3-bc61-a3bfe772a747,Success,04/18/2026 18:20,,,,
d8d1792a-52ba-4d59-ac7d-b3a4a7685361,Success,04/18/2026 18:44,,,,
ffe075f3-e7fa-4751-a26b-3a7aaf2c182b,Success,04/18/2026 19:02,,,,
a51a5188-70cc-44ac-9a08-c7c3d60c4493,Success,04/18/2026 20:31,,,,
8f0bd301-7fb2-4729-8461-d6d1941a9393,Success,04/18/2026 23:24,,,,
94dc3856-78d8-4573-894d-9a7a3901724e,Success,04/18/2026 23:47,,,,